location_name,sex_name,measure_name,start_year,end_year,all_age_count_start_reconstructed,all_age_count_end_reconstructed,population_source,age_partition,age_group_count,population_size_change,age_structure_change,age_specific_rate_change,total_change,component_sum,closure_error,population_size_change_pct_of_total,age_structure_change_pct_of_total,age_specific_rate_change_pct_of_total,cumulative_population_size_change,cumulative_age_structure_change,cumulative_age_specific_rate_change,cumulative_total_change,chain_step_years
China,Female,DALYs,1990,1995,985172.0335053749,1103897.2082474246,official_GBD_2023,fine_5_year,20,45796.99133445319,67558.358444047,5369.82496354923,118725.17474204942,118725.17474204942,0.0,38.5739515094039,56.90314509187204,4.522903398724058,45796.99133445319,67558.358444047,5369.82496354923,118725.17474204942,5
China,Female,DALYs,1995,2000,1103897.2082474246,1204475.9038035206,official_GBD_2023,fine_5_year,20,25020.26151752934,70555.96808924535,5002.465949321127,100578.6955560958,100578.69555609582,1.4551915228366852e-11,24.87630345491484,70.15001308094529,4.973683464139878,70817.25285198253,138114.32653329236,10372.290912870358,219303.87029814522,5
China,Female,DALYs,2000,2005,1204475.9038035206,1311737.268882961,official_GBD_2023,fine_5_year,20,39322.020634107175,67194.89719281673,744.4472525167512,107261.36507944064,107261.36507944066,1.4551915228366852e-11,36.660003911925074,62.64594632284457,0.6940497652303731,110139.2734860897,205309.22372610908,11116.738165387109,326565.23537758586,5
China,Female,DALYs,2005,2010,1311737.268882961,1428677.9829726964,official_GBD_2023,fine_5_year,20,52849.362066869086,61636.95475781026,2454.397265056071,116940.71408973541,116940.71408973541,0.0,45.19329514809932,52.707865893920086,2.098838957980596,162988.6355529588,266946.17848391936,13571.135430443179,443505.9494673213,5
China,Female,DALYs,2010,2015,1428677.9829726964,1512083.0670208826,official_GBD_2023,fine_5_year,20,46516.84447223197,35775.59317883713,1112.6463971177968,83405.0840481869,83405.0840481869,0.0,55.77219303005208,42.89377990215554,1.3340270677923791,209505.48002519074,302721.77166275645,14683.781827560975,526911.0335155082,5
China,Female,DALYs,2015,2020,1512083.0670208826,1549848.827500562,official_GBD_2023,fine_5_year,20,43946.15406425759,-10862.672120860818,4682.278536281859,37765.76047967863,37765.76047967863,0.0,116.36507118108892,-28.763281826949864,12.398210645860937,253451.63408944834,291859.0995418957,19366.060363842837,564676.7939951868,5
China,Female,DALYs,2020,2023,1549848.827500562,1551859.211864378,official_GBD_2023,fine_5_year,20,7273.190406556746,-345.4761485145039,-4917.32989422589,2010.3843638163526,2010.3843638163523,-2.2737367544323206e-13,361.78108711261086,-17.18458195022367,-244.5965051623872,260724.8244960051,291513.62339338113,14448.730469616945,566687.1783590032,5
China,Female,Incidence,1990,1995,115697.33834901855,120846.48524511754,official_GBD_2023,fine_5_year,20,5190.304791985133,-401.21323664115096,360.0553407550057,5149.146896098988,5149.146896098988,0.0,100.79931485188987,-7.791839012111143,6.9925241602212775,5190.304791985133,-401.21323664115096,360.0553407550057,5149.146896098988,5
China,Female,Incidence,1995,2000,120846.48524511754,124815.24149675576,official_GBD_2023,fine_5_year,20,2664.008697196099,902.6753844498961,402.072169992236,3968.7562516382313,3968.7562516382313,0.0,67.12452285515,22.74454078849735,10.130936356352644,7854.313489181232,501.46214780874516,762.1275107472418,9117.90314773722,5
China,Female,Incidence,2000,2005,124815.24149675576,133272.64407437184,official_GBD_2023,fine_5_year,20,4034.3070276567405,4159.062288943695,264.03326101560623,8457.402577616042,8457.402577616042,0.0,47.70148979704741,49.176591167025244,3.1219190359273576,11888.620516837973,4660.524436752441,1026.160771762848,17575.30572535326,5
China,Female,Incidence,2005,2010,133272.64407437184,140601.27793472595,official_GBD_2023,fine_5_year,20,5282.6356111788145,2270.683763585121,-224.68551440979837,7328.633860354137,7328.633860354137,0.0,72.08213306652415,30.98372502778296,-3.0658580943071025,17171.256128016787,6931.208200337562,801.4752573530495,24903.939585707398,5
China,Female,Incidence,2010,2015,140601.27793472595,138939.94452788704,official_GBD_2023,fine_5_year,20,4424.382565199873,-5457.686232797778,-628.029739240975,-1661.3334068388795,-1661.3334068388797,-2.2737367544323206e-13,-266.3151506486838,328.5123991566781,37.80275149200578,21595.63869321666,1473.5219675397839,173.44551811207452,23242.60617886852,5
China,Female,Incidence,2015,2020,138939.94452788704,134565.1118362121,official_GBD_2023,fine_5_year,20,3926.5712189758606,-8922.746520488947,621.3426098381508,-4374.832691674936,-4374.832691674936,0.0,-89.7536316405404,203.95629157358266,-14.202659933042272,25522.20991219252,-7449.224552949163,794.7881279502253,18867.773487193583,5
China,Female,Incidence,2020,2023,134565.1118362121,132520.0933376089,official_GBD_2023,fine_5_year,20,626.2294166831174,-2534.757656317883,-136.4902589684304,-2045.0184986031963,-2045.0184986031961,2.2737367544323206e-13,-30.622188362151697,123.94790844430953,6.67427991784216,26148.43932887564,-9983.982209267046,658.2978689817949,16822.754988590386,5
China,Female,Prevalence,1990,1995,1544461.786892054,1724187.0315281346,official_GBD_2023,fine_5_year,20,71660.54486887716,107466.69361162245,598.0061555810971,179725.2446360807,179725.2446360807,0.0,39.87227560267344,59.79499086465453,0.33273353267203987,71660.54486887716,107466.69361162245,598.0061555810971,179725.2446360807,5
China,Female,Prevalence,1995,2000,1724187.0315281346,1883669.735818274,official_GBD_2023,fine_5_year,20,39105.72656360998,113697.14668244979,6679.831044080628,159482.70429014042,159482.7042901404,-2.9103830456733704e-11,24.520355820193842,71.29120815233053,4.188436027475608,110766.27143248713,221163.84029407223,7277.837199661725,339207.9489262211,5
China,Female,Prevalence,2000,2005,1883669.735818274,2052254.5877217636,official_GBD_2023,fine_5_year,20,61508.72648965273,109758.20877040499,-2682.083356568629,168584.8519034891,168584.8519034891,0.0,36.48532225473321,65.1056174568039,-1.5909397115371073,172274.99792213985,330922.0490644772,4595.753843093096,507792.8008297102,5
China,Female,Prevalence,2005,2010,2052254.5877217636,2243287.907829255,official_GBD_2023,fine_5_year,20,82836.475070364,102753.39341822118,5443.451618906266,191033.32010749145,191033.32010749145,0.0,43.36231764372478,53.78820478040347,2.849477575871749,255111.47299250387,433675.4424826984,10039.205461999361,698826.1209372017,5
China,Female,Prevalence,2010,2015,2243287.907829255,2387152.7627342385,official_GBD_2023,fine_5_year,20,73240.21379446145,66078.78988534305,4545.851225179154,143864.85490498366,143864.85490498366,0.0,50.909038098869495,45.93115526998248,3.1598066311480224,328351.68678696535,499754.23236804147,14585.056687178516,842690.9758421853,5
China,Female,Prevalence,2015,2020,2387152.7627342385,2454441.282289932,official_GBD_2023,fine_5_year,20,69485.80363989924,-4511.137696126243,2313.8536119209602,67288.51955569396,67288.51955569396,0.0,103.26546652937819,-6.704171418710475,3.438704889332287,397837.4904268646,495243.0946719152,16898.910299099476,909979.4953978793,5
China,Female,Prevalence,2020,2023,2454441.282289932,2469230.2557262643,official_GBD_2023,fine_5_year,20,11545.110848418748,7583.839692587577,-4339.977104674481,14788.973436331842,14788.973436331844,1.8189894035458565e-12,78.0656676281266,51.2803659107026,-29.346033538829182,409382.6012752833,502826.9343645028,12558.933194424997,924768.4688342111,5
China,Male,DALYs,1990,1995,1249020.5640909253,1404256.4876994074,official_GBD_2023,fine_5_year,20,64873.45389799532,78232.69647674954,12129.77323373772,155235.92360848258,155235.92360848258,0.0,41.79023282111643,50.39600026734704,7.813766911536519,64873.45389799532,78232.69647674954,12129.77323373772,155235.92360848258,5
China,Male,DALYs,1995,2000,1404256.4876994074,1498072.0569437763,official_GBD_2023,fine_5_year,20,22504.69838501544,76171.24660759461,-4860.375748241359,93815.5692443687,93815.5692443687,0.0,23.988234113247984,81.19254322188831,-5.1807773351363045,87378.15228301076,154403.94308434415,7269.397485496361,249051.49285285128,5
China,Male,DALYs,2000,2005,1498072.0569437763,1610300.1468089446,official_GBD_2023,fine_5_year,20,35854.83323173136,71817.7283303723,4555.528303064911,112228.08986516856,112228.08986516857,1.4551915228366852e-11,31.948180954347126,63.992649626893325,4.059169418759552,123232.98551474212,226221.67141471646,11824.925788561271,361279.58271801984,5
China,Male,DALYs,2005,2010,1610300.1468089446,1728844.3927304493,official_GBD_2023,fine_5_year,20,53307.617308431116,64184.87043128504,1051.7581817876005,118544.24592150375,118544.24592150375,0.0,44.96854055972462,54.14423106945758,0.8872283708177969,176540.60282317322,290406.54184600146,12876.683970348871,479823.8286395236,5
China,Male,DALYs,2010,2015,1728844.3927304493,1814144.533410442,official_GBD_2023,fine_5_year,20,54077.53725004585,33007.55712853015,-1784.9536985825594,85300.14067999343,85300.14067999343,0.0,63.396773814148425,38.695782756512905,-2.0925565706613285,230618.14007321908,323414.09897453163,11091.730271766313,565123.969319517,5
China,Male,DALYs,2015,2020,1814144.533410442,1865959.1333842778,official_GBD_2023,fine_5_year,20,59461.23658919835,-17173.304037541384,9526.667422178783,51814.59997383575,51814.59997383575,0.0,114.75768725267365,-33.14375493820892,18.386067685535274,290079.37666241743,306240.79493699025,20618.397693945095,616938.5692933528,5
China,Male,DALYs,2020,2023,1865959.1333842778,1867497.0250253344,official_GBD_2023,fine_5_year,20,7899.784081182481,2325.9903546011,-8687.882794726718,1537.8916410568636,1537.8916410568627,-9.094947017729282e-13,513.6762480712636,151.24539938344697,-564.9216474547105,297979.16074359993,308566.78529159137,11930.514899218379,618476.4609344096,5
China,Male,Incidence,1990,1995,152988.79964753235,160686.02754338225,official_GBD_2023,fine_5_year,20,7677.902940122697,-814.49895737683,833.8239131040414,7697.227895849908,7697.227895849908,0.0,99.74893616261991,-10.581718099005242,10.832781936385329,7677.902940122697,-814.49895737683,833.8239131040414,7697.227895849908,5
China,Male,Incidence,1995,2000,160686.02754338225,162711.82868326033,official_GBD_2023,fine_5_year,20,2507.776616041558,-486.9955576461119,5.020081482662739,2025.801139878109,2025.8011398781089,-2.2737367544323206e-13,123.79184544206788,-24.039652661831063,0.2478072197631794,10185.679556164256,-1301.4945150229419,838.8439945867041,9723.029035728017,5
China,Male,Incidence,2000,2005,162711.82868326033,171356.42328539217,official_GBD_2023,fine_5_year,20,3853.8255247027796,4372.289864242377,418.4792131866804,8644.594602131838,8644.594602131838,0.0,44.58075481934561,50.57831009408041,4.840935086573979,14039.505080867035,3070.795349219435,1257.3232077733846,18367.623637859855,5
China,Male,Incidence,2005,2010,171356.42328539217,180219.72786109534,official_GBD_2023,fine_5_year,20,5614.209002572675,3178.6133526721483,70.48222045825484,8863.304575703078,8863.304575703078,0.0,63.34216492980363,35.862621277685314,0.795213792511061,19653.71408343971,6249.408701891583,1327.8054282316393,27230.928213562933,5
China,Male,Incidence,2010,2015,180219.72786109534,179478.90592090256,official_GBD_2023,fine_5_year,20,5493.280295596633,-5306.225657040501,-927.8765787488809,-740.821940192749,-740.8219401927489,1.1368683772161603e-13,-741.5115559573433,716.2619475956546,125.24960836168857,25146.994379036343,943.1830448510827,399.92884948275844,26490.106273370184,5
China,Male,Incidence,2015,2020,179478.90592090256,176458.55218986873,official_GBD_2023,fine_5_year,20,5752.38177329701,-9256.763812349844,484.02830801903235,-3020.3537310337997,-3020.353731033801,-1.3642420526593924e-12,-190.45390989114702,306.47946024459395,-16.025550353446853,30899.376152333352,-8313.58076749876,883.9571575017908,23469.752542336384,5
China,Male,Incidence,2020,2023,176458.55218986873,174591.61490882759,official_GBD_2023,fine_5_year,20,742.8242650432318,-2003.299673522158,-606.4618725621888,-1866.937281041115,-1866.937281041115,0.0,-39.78838885412309,107.30406928319515,32.48431957092794,31642.200417376585,-10316.88044102092,277.495284939602,21602.81526129527,5
China,Male,Prevalence,1990,1995,1926495.660197918,2160331.847977821,official_GBD_2023,fine_5_year,20,99932.05211830467,122500.49366044824,11403.642001150292,233836.18777990318,233836.18777990318,0.0,42.73592255633464,52.38731217075393,4.8767652729114355,99932.05211830467,122500.49366044824,11403.642001150292,233836.18777990318,5
China,Male,Prevalence,1995,2000,2160331.847977821,2311360.656753655,official_GBD_2023,fine_5_year,20,34672.16364184682,122250.57804323555,-5893.932909248552,151028.8087758338,151028.8087758338,0.0,22.957317827560544,80.94520445081928,-3.902522278379808,134604.21576015148,244751.0717036838,5509.70909190174,384864.996555737,5
China,Male,Prevalence,2000,2005,2311360.656753655,2488668.6031593364,official_GBD_2023,fine_5_year,20,55368.63969713,116764.11770296299,5175.189005588337,177307.94640568132,177307.94640568132,0.0,31.22738761546892,65.85385487224933,2.918757512281758,189972.8554572815,361515.18940664676,10684.898097490077,562172.9429614183,5
China,Male,Prevalence,2005,2010,2488668.6031593364,2685317.686562669,official_GBD_2023,fine_5_year,20,82595.43132034954,106354.00629122305,7699.645791760025,196649.08340333262,196649.08340333262,0.0,42.00143214038992,54.08314366413196,3.9154241954781153,272568.28677763103,467869.1956978698,18384.5438892501,758822.0263647509,5
China,Male,Prevalence,2010,2015,2685317.686562669,2835893.9939452857,official_GBD_2023,fine_5_year,20,84267.12939893338,61545.70695412881,4763.471029554959,150576.30738261715,150576.30738261715,0.0,55.96307338365595,40.87343355933151,3.1634930570125435,356835.4161765644,529414.9026519987,23148.01491880506,909398.3337473681,5
China,Male,Prevalence,2015,2020,2835893.9939452857,2913669.047501868,official_GBD_2023,fine_5_year,20,92900.13531534544,-15231.524912198927,106.44315343590766,77775.05355658242,77775.05355658242,0.0,119.44721484217212,-19.58407511878829,0.13686027661616304,449735.55149190984,514183.37773979973,23254.45807224097,987173.3873039505,5
China,Male,Prevalence,2020,2023,2913669.047501868,2925661.008833469,official_GBD_2023,fine_5_year,20,12355.710544461073,11036.890693642586,-11400.639906503802,11991.961331599858,11991.961331599858,0.0,103.03327539843465,92.0357428484982,-95.06901824693287,462091.2620363709,525220.2684334423,11853.818165737166,999165.3486355504,5
United States of America,Female,DALYs,1990,1995,386308.3580932117,403319.62935712136,official_GBD_2023,fine_5_year,20,19661.6722248044,-739.3284606113544,-1911.0725002832864,17011.27126390976,17011.27126390976,0.0,115.5802639307598,-4.3461094067665345,-11.234154523993277,19661.6722248044,-739.3284606113544,-1911.0725002832864,17011.27126390976,5
United States of America,Female,DALYs,1995,2000,403319.62935712136,420223.4959767614,official_GBD_2023,fine_5_year,20,18755.726489766996,-595.5759619312594,-1256.2839081957645,16903.86661963997,16903.86661963997,0.0,110.95524421599148,-3.5233120050727442,-7.4319322109187445,38417.39871457139,-1334.9044225426137,-3167.356408479051,33915.13788354973,5
United States of America,Female,DALYs,2000,2005,420223.4959767614,445083.8698901595,official_GBD_2023,fine_5_year,20,20967.859140658955,187.6635302127106,3704.8512425264057,24860.37391339807,24860.37391339807,0.0,84.342493052201,0.7548701031868735,14.90263684461214,59385.257855230346,-1147.240892329903,537.4948340473547,58775.5117969478,5
United States of America,Female,DALYs,2005,2010,445083.8698901595,462897.5219432732,official_GBD_2023,fine_5_year,20,20309.863839589245,910.325344708816,-3406.5371311842655,17813.652053113794,17813.652053113794,0.0,114.0129142470767,5.110267911344394,-19.12318215842107,79695.1216948196,-236.91554762108717,-2869.0422971369107,76589.1638500616,5
United States of America,Female,DALYs,2010,2015,462897.5219432732,456399.8515765737,official_GBD_2023,fine_5_year,20,17288.80305749637,1240.696861999973,-25027.170286195917,-6497.6703666995745,-6497.670366699573,1.8189894035458565e-12,-266.0769488415591,-19.094487592945903,385.1714364345049,96983.92475231597,1003.7813143788858,-27896.21258333283,70091.49348336202,5
United States of America,Female,DALYs,2015,2020,456399.8515765737,462058.67470096477,official_GBD_2023,fine_5_year,20,12171.30851552645,-238.7631683476987,-6273.722222787667,5658.823124391085,5658.823124391085,0.0,215.08550891199903,-4.219307850753697,-110.86620106124536,109155.23326784241,765.0181460311871,-34169.934806120495,75750.3166077531,5
United States of America,Female,DALYs,2020,2023,462058.67470096477,465493.9030577847,official_GBD_2023,fine_5_year,20,5031.990871095515,-442.6972387721666,-1154.0652755033418,3435.2283568200073,3435.228356820007,-4.547473508864641e-13,146.4819903778866,-12.886981381987999,-33.595008995898624,114187.22413893793,322.3209072590205,-35324.00008162384,79185.54496457311,5
United States of America,Female,Incidence,1990,1995,31876.000537517666,32071.38875631654,official_GBD_2023,fine_5_year,20,1592.7477494996492,-1438.76308260549,41.40355190471928,195.38821879887837,195.3882187988786,2.2737367544323206e-13,815.1708221155003,-736.3612255897943,21.190403474294303,1592.7477494996492,-1438.76308260549,41.40355190471928,195.38821879887837,5
United States of America,Female,Incidence,1995,2000,32071.38875631654,32698.345746148683,official_GBD_2023,fine_5_year,20,1475.2123092020197,-438.8182212600398,-409.4370981098376,626.9569898321424,626.9569898321422,-2.2737367544323206e-13,235.29721067420974,-69.99175834653765,-65.30545232767207,3067.960058701669,-1877.5813038655297,-368.03354620511834,822.3452086310208,5
United States of America,Female,Incidence,2000,2005,32698.345746148683,34900.79848133057,official_GBD_2023,fine_5_year,20,1637.7730894714743,288.26277794540266,276.41686776500626,2202.4527351818833,2202.4527351818833,0.0,74.36132741056181,13.08826170662851,12.550410882809667,4705.7331481731435,-1589.318525920127,-91.61667844011208,3024.797943812904,5
United States of America,Female,Incidence,2005,2010,34900.79848133057,36249.96212323641,official_GBD_2023,fine_5_year,20,1591.6325693292106,29.480390570815267,-271.9493179941771,1349.1636419058486,1349.1636419058489,2.2737367544323206e-13,117.97179525834589,2.185086349434293,-20.156881607780168,6297.365717502354,-1559.8381353493119,-363.56599643428916,4373.961585718753,5
United States of America,Female,Incidence,2010,2015,36249.96212323641,35703.087094552124,official_GBD_2023,fine_5_year,20,1353.07142573653,-379.5085624586342,-1520.4378919621945,-546.8750286842987,-546.8750286842986,1.1368683772161603e-13,-247.41876201438959,69.39584778110572,278.02291423328387,7650.437143238883,-1939.346697807946,-1884.0038883964837,3827.086557034454,5
United States of America,Female,Incidence,2015,2020,35703.087094552124,35698.504630940304,official_GBD_2023,fine_5_year,20,946.226066786244,-713.9844622737752,-236.82406812428113,-4.582463611812273,-4.582463611812301,-2.842170943040401e-14,-20648.850638925873,15580.799385582215,5168.051253343656,8596.663210025128,-2653.3311600817215,-2120.827956520765,3822.5040934226417,5
United States of America,Female,Incidence,2020,2023,35698.504630940304,36070.98539056532,official_GBD_2023,fine_5_year,20,389.34908368118465,-207.29063846540765,190.42231440924053,372.4807596250175,372.4807596250175,0.0,104.52864305612691,-55.65136805296749,51.12272499684059,8986.012293706313,-2860.621798547129,-1930.4056421115242,4194.984853047659,5
United States of America,Female,Prevalence,1990,1995,625835.9820013104,654625.890109144,official_GBD_2023,fine_5_year,20,31883.686512815064,-556.6283618449233,-2537.1500431362074,28789.908107833937,28789.908107833933,-3.637978807091713e-12,110.74605168378181,-1.933414861068837,-8.812636822712994,31883.686512815064,-556.6283618449233,-2537.1500431362074,28789.908107833937,5
United States of America,Female,Prevalence,1995,2000,654625.890109144,680569.6428562739,official_GBD_2023,fine_5_year,20,30408.599566962417,-214.5495447120435,-4250.29727512049,25943.75274712988,25943.752747129885,3.637978807091713e-12,117.20971851432124,-0.8269796077816028,-16.382738906539625,62292.28607977748,-771.1779065569668,-6787.447318256697,54733.66085496382,5
United States of America,Female,Prevalence,2000,2005,680569.6428562739,720510.752050397,official_GBD_2023,fine_5_year,20,33950.51009671846,1090.8807560778998,4899.718341326593,39941.10919412295,39941.10919412295,0.0,85.00142029534332,2.7312229882649706,12.26735671639172,96242.79617649595,319.702849520933,-1887.7289769301042,94674.77004908677,5
United States of America,Female,Prevalence,2005,2010,720510.752050397,749564.1664284262,official_GBD_2023,fine_5_year,20,32882.21222403436,2614.8226195789757,-6443.620465584274,29053.41437802906,29053.41437802906,0.0,113.17847808242715,9.000052749587917,-22.178530832015067,129125.0084005303,2934.5254690999086,-8331.349442514378,123728.18442711583,5
United States of America,Female,Prevalence,2010,2015,749564.1664284262,742698.3748927852,official_GBD_2023,fine_5_year,20,28062.84901447699,3304.48978397093,-38233.13033408887,-6865.79153564095,-6865.79153564095,0.0,-408.7343588688963,-48.129771590311506,556.8641304592078,157187.8574150073,6239.015253070838,-46564.47977660325,116862.39289147488,5
United States of America,Female,Prevalence,2015,2020,742698.3748927852,758461.0258689336,official_GBD_2023,fine_5_year,20,19891.753957103454,1069.8312673701828,-5198.934248325202,15762.650976148434,15762.650976148434,0.0,126.19548569084638,6.787127806033509,-32.982613496879885,177079.61137211075,7308.846520441021,-51763.414024928454,132625.04386762332,5
United States of America,Female,Prevalence,2020,2023,758461.0258689336,767642.2629328287,official_GBD_2023,fine_5_year,20,8279.065061957866,-16.959402111766394,919.1314040489959,9181.237063895096,9181.237063895096,0.0,90.17374243079955,-0.1847180504515962,10.01097561965205,185358.67643406862,7291.887118329255,-50844.28262087946,141806.2809315184,5
United States of America,Male,DALYs,1990,1995,386160.0774142718,409512.1493837446,official_GBD_2023,fine_5_year,20,22254.912491439958,1015.1501897088018,82.00928832398495,23352.071969472745,23352.071969472745,0.0,95.3016611139814,4.347152539765499,0.3511863462530969,22254.912491439958,1015.1501897088018,82.00928832398495,23352.071969472745,5
United States of America,Male,DALYs,1995,2000,409512.1493837446,430838.1484896812,official_GBD_2023,fine_5_year,20,21131.043149017747,-14.97037111002525,209.9263280288918,21325.999105936615,21325.999105936615,0.0,99.08582966757888,-0.07019774799604994,0.9843680804171734,43385.9556404577,1000.1798185987766,291.93561635287676,44678.07107540936,5
United States of America,Male,DALYs,2000,2005,430838.1484896812,454782.22169189545,official_GBD_2023,fine_5_year,20,23637.95055735287,-925.1150927267637,1231.2377375881576,23944.073202214262,23944.073202214262,0.0,98.7215097353065,-3.86364961764823,5.142139882341728,67023.90619781057,75.0647258720129,1523.1733539410343,68622.14427762362,5
United States of America,Male,DALYs,2005,2010,454782.22169189545,474160.92636413476,official_GBD_2023,fine_5_year,20,21190.11918671634,-977.3303779054743,-834.0841365714926,19378.70467223937,19378.70467223937,0.0,109.34744888842792,-5.043321493544055,-4.3041273948838565,88214.02538452692,-902.2656520334614,689.0892173695419,88000.848949863,5
United States of America,Male,DALYs,2010,2015,474160.92636413476,484994.68468115776,official_GBD_2023,fine_5_year,20,20193.04561043,422.9072533011689,-9782.194546708293,10833.758317022875,10833.758317022875,0.0,186.39003215256386,3.90360612564767,-90.29363827821155,108407.07099495691,-479.35839873229247,-9093.105329338752,98834.60726688587,5
United States of America,Male,DALYs,2015,2020,484994.68468115776,493819.6891318736,official_GBD_2023,fine_5_year,20,15730.034643809826,-37.78596322297623,-6867.244229871061,8825.004450715787,8825.004450715789,1.8189894035458565e-12,178.24392873290822,-0.4281693389957605,-77.81575939391244,124137.10563876673,-517.1443619552687,-15960.349559209813,107659.61171760166,5
United States of America,Male,DALYs,2020,2023,493819.6891318736,499087.2313822248,official_GBD_2023,fine_5_year,20,6389.544052241933,-104.36659596751755,-1017.6352059230169,5267.542250351398,5267.542250351398,0.0,121.30029050674793,-1.9813148335080795,-19.318975673239837,130526.64969100867,-621.5109579227862,-16977.98476513283,112927.15396795305,5
United States of America,Male,Incidence,1990,1995,35897.178491570245,36338.365527394606,official_GBD_2023,fine_5_year,20,2021.737457191449,-1424.784885213429,-155.76553615366598,441.1870358243541,441.187035824354,-1.1368683772161603e-13,458.2495161975579,-322.94350683973096,-35.306009357826994,2021.737457191449,-1424.784885213429,-155.76553615366598,441.1870358243541,5
United States of America,Male,Incidence,1995,2000,36338.365527394606,37612.7983427586,official_GBD_2023,fine_5_year,20,1859.955833317439,-639.758714603784,54.235696650346654,1274.4328153640017,1274.4328153640017,0.0,145.94381209386867,-50.199485362518466,4.255673268649782,3881.693290508888,-2064.5435998172134,-101.52983950331932,1715.6198511883558,5
United States of America,Male,Incidence,2000,2005,37612.7983427586,39741.87880767445,official_GBD_2023,fine_5_year,20,2064.3722317193738,99.58810481644349,-34.87987161996473,2129.0804649158526,2129.0804649158526,0.0,96.96074271204041,4.6775171938078675,-1.6382599058482876,5946.065522228262,-1964.9554950007696,-136.40971112328407,3844.7003161042085,5
United States of America,Male,Incidence,2005,2010,39741.87880767445,41512.01998303068,official_GBD_2023,fine_5_year,20,1853.8649572502618,-239.31557562344094,155.59179372941435,1770.1411753562352,1770.1411753562352,0.0,104.72977992149002,-13.519575667476321,8.789795745986305,7799.930479478524,-2204.2710706242106,19.18208260613028,5614.841491460444,5
United States of America,Male,Incidence,2010,2015,41512.01998303068,42155.592601452205,official_GBD_2023,fine_5_year,20,1761.3250262809074,-514.6422896201632,-603.110118239228,643.5726184215164,643.5726184215163,-1.1368683772161603e-13,273.6792983208158,-79.96646763537281,-93.71283068544302,9561.25550575943,-2718.9133602443735,-583.9280356330977,6258.41410988196,5
United States of America,Male,Incidence,2015,2020,42155.592601452205,42302.511889071655,official_GBD_2023,fine_5_year,20,1357.384173127357,-819.7586797081785,-390.7062057997354,146.9192876194429,146.91928761944297,5.684341886080802e-14,923.8978728533694,-557.9653243565645,-265.93254849680494,10918.639678886788,-3538.672039952552,-974.634241432833,6405.333397501403,5
United States of America,Male,Incidence,2020,2023,42302.511889071655,42426.252726558676,official_GBD_2023,fine_5_year,20,545.2209086232675,-221.95309708219185,-199.52697405404737,123.74083748702833,123.7408374870283,-2.842170943040401e-14,440.6151757946706,-179.3693186418421,-161.24585715282853,11463.860587510057,-3760.625137034744,-1174.1612154868806,6529.074234988431,5
United States of America,Male,Prevalence,1990,1995,608106.0929780888,644787.3986891509,official_GBD_2023,fine_5_year,20,35043.82572162388,2316.979588255558,-679.4995988171626,36681.305711062276,36681.305711062276,0.0,95.53592774930974,6.3165133937879645,-1.8524411430976964,35043.82572162388,2316.979588255558,-679.4995988171626,36681.305711062276,5
United States of America,Male,Prevalence,1995,2000,644787.3986891509,678749.5609300992,official_GBD_2023,fine_5_year,20,33280.93729407321,1076.1530879032603,-394.92814102794125,33962.16224094853,33962.16224094853,0.0,97.99416497088056,3.168682489260744,-1.1628474601413108,68324.76301569708,3393.1326761588184,-1074.4277398451038,70643.4679520108,5
United States of America,Male,Prevalence,2000,2005,678749.5609300992,717679.1013969437,official_GBD_2023,fine_5_year,20,37270.88436927996,-202.11556118447334,1860.771658748854,38929.54046684434,38929.54046684434,0.0,95.73933810244425,-0.5191830131070052,4.779844910662748,105595.64738497704,3191.017114974345,786.3439189037501,109573.00841885514,5
United States of America,Male,Prevalence,2005,2010,717679.1013969437,750566.0921671294,official_GBD_2023,fine_5_year,20,33490.418193379766,136.65690648247255,-740.0843296762905,32886.99077018595,32886.99077018595,0.0,101.83485143840178,0.4155348460959229,-2.2503862844977043,139086.0655783568,3327.6740214568176,46.25958922745963,142459.9991890411,5
United States of America,Male,Prevalence,2010,2015,750566.0921671294,771002.6361685055,official_GBD_2023,fine_5_year,20,32031.7309088298,2272.755885928889,-13867.942793383127,20436.544001375558,20436.54400137556,3.637978807091713e-12,156.73751347915666,11.121038301661535,-67.85855178081819,171117.7964871866,5600.429907385706,-13821.683204155666,162896.54319041665,5
United States of America,Male,Prevalence,2015,2020,771002.6361685055,789742.4397672616,official_GBD_2023,fine_5_year,20,25080.644808130317,1417.3026479634962,-7758.14385733738,18739.803598756436,18739.803598756433,-3.637978807091713e-12,133.8362201928021,7.563060309007442,-41.399280501809564,196198.4412953169,7017.732555349203,-21579.827061493044,181636.34678917308,5
United States of America,Male,Prevalence,2020,2023,789742.4397672616,800474.6603648802,official_GBD_2023,fine_5_year,20,10233.292278894884,365.5302285738483,133.39809014976103,10732.220597618492,10732.220597618492,0.0,95.35111756056969,3.4059142304152825,1.242968209015033,206431.7335742118,7383.262783923051,-21446.428971343285,192368.56738679158,5
