location_name,sex_name,measure_name,year,val,lower,upper,fitted,joinpoint_years
China,Female,DALYs,1990,175.27341718732393,131.5414364375916,219.91064101128163,175.33870511860383,1998
China,Female,DALYs,1991,175.50459640531432,131.1372509134992,219.74095862907595,175.53310626724274,1998
China,Female,DALYs,1992,175.73938149510028,129.74132056283648,219.509707865756,175.72772295190128,1998
China,Female,DALYs,1993,175.9172940260676,130.04536804263623,220.55109104292623,175.92255541154813,1998
China,Female,DALYs,1994,176.2763901629885,130.58098951844286,220.3833375538765,176.1176038854168,1998
China,Female,DALYs,1995,176.38830673033715,129.51482613470068,221.3325782514063,176.31286861300617,1998
China,Female,DALYs,1996,176.40358481514488,130.0976753041381,219.98991843537743,176.50834983408058,1998
China,Female,DALYs,1997,176.7336058225633,131.17351756137995,222.2195637029208,176.70404778867018,1998
China,Female,DALYs,1998,176.85099885803174,131.83340951972042,220.85165191408936,176.89996271707133,1998
China,Female,DALYs,1999,177.0503373583302,131.37197247787577,220.9829868775499,176.94886179807503,1998
China,Female,DALYs,2000,177.01472386225464,131.62343769291684,221.77968721297145,176.9977743958714,1998
China,Female,DALYs,2001,177.21181117797266,132.2867651801458,220.8749481965032,177.04670051419683,1998
China,Female,DALYs,2002,177.08126475042494,132.18851317827546,220.7553368395559,177.09564015678868,1998
China,Female,DALYs,2003,177.13470614055805,132.39801755477623,222.12409744091576,177.1445933273853,1998
China,Female,DALYs,2004,177.08667036053336,130.5644168007118,222.7330317912746,177.1935600297262,1998
China,Female,DALYs,2005,177.19040261152588,131.39427108757425,223.43198083155625,177.24254026755185,1998
China,Female,DALYs,2006,177.08357922683112,131.41398706419554,219.42624684977915,177.2915340446037,1998
China,Female,DALYs,2007,177.2685280218044,130.93725099514103,222.3372816340468,177.34054136462436,1998
China,Female,DALYs,2008,177.2651619318366,131.5866645408128,222.06889771987292,177.3895622313574,1998
China,Female,DALYs,2009,177.5171391937506,131.0076070572923,223.8202537567008,177.43859664854736,1998
China,Female,DALYs,2010,177.5367157696848,131.23344770132925,222.3384013477362,177.48764461993997,1998
China,Female,DALYs,2011,177.62542830131346,131.61375554325724,221.78505251694148,177.53670614928188,1998
China,Female,DALYs,2012,177.6411087621761,130.02562459939185,223.9511542839936,177.5857812403208,1998
China,Female,DALYs,2013,177.52659634986904,130.59265318922652,223.3807741602611,177.6348698968055,1998
China,Female,DALYs,2014,177.54183549652976,130.95357649439907,223.32724366483427,177.68397212248578,1998
China,Female,DALYs,2015,177.640520336365,130.31241071276523,224.65033802714376,177.73308792111246,1998
China,Female,DALYs,2016,177.71747893127716,131.42224159813375,224.41717648001813,177.78221729643738,1998
China,Female,DALYs,2017,177.82708530908045,131.33692027933884,225.0826688087533,177.83136025221344,1998
China,Female,DALYs,2018,178.12676277047,131.86257973052764,224.42229810698663,177.88051679219464,1998
China,Female,DALYs,2019,178.2023411338725,131.56044082178144,225.1006474391532,177.92968692013588,1998
China,Female,DALYs,2020,178.10295146317856,130.78610836507357,224.39973355577817,177.97887063979323,1998
China,Female,DALYs,2021,178.2173675206934,131.56685586571308,225.82308455176684,178.0280679549237,1998
China,Female,DALYs,2022,178.18347240095312,131.93640486328297,224.8746092288713,178.0772788692854,1998
China,Female,DALYs,2023,177.61177697861763,129.6486159303557,223.14257796807365,178.1265033866375,1998
China,Female,Incidence,1990,18.34535763107,15.44722119973,21.77862017745,18.367472637468733,"2004,2015"
China,Female,Incidence,1991,18.36688061924,15.459467216360002,21.75428378242,18.377859054159416,"2004,2015"
China,Female,Incidence,1992,18.3862735577,15.47011129257,21.73210630593,18.388251344148717,"2004,2015"
China,Female,Incidence,1993,18.40537946575,15.48108979665,21.72061761991,18.39864951075786,"2004,2015"
China,Female,Incidence,1994,18.42266294983,15.51525370973,21.71113835271,18.409053557309957,"2004,2015"
China,Female,Incidence,1995,18.43528949441,15.55155666138,21.69843383782,18.41946348712998,"2004,2015"
China,Female,Incidence,1996,18.44231479079,15.52673131159,21.72331767222,18.4298793035448,"2004,2015"
China,Female,Incidence,1997,18.44696969099,15.49238114075,21.76161665759,18.440301009883164,"2004,2015"
China,Female,Incidence,1998,18.45313831433,15.50381144569,21.822201862510003,18.450728609475693,"2004,2015"
China,Female,Incidence,1999,18.461255215,15.5165218041,21.89075258873,18.461162105654896,"2004,2015"
China,Female,Incidence,2000,18.47044852898,15.52585132682,21.93038065058,18.471601501755174,"2004,2015"
China,Female,Incidence,2001,18.47890190853,15.55276448996,21.94351295852,18.482046801112805,"2004,2015"
China,Female,Incidence,2002,18.48610691361,15.576939950500002,21.92300717259,18.492498007065954,"2004,2015"
China,Female,Incidence,2003,18.49368187295,15.60080057123,21.90209912799,18.50295512295468,"2004,2015"
China,Female,Incidence,2004,18.49930475621,15.622257008840002,21.88362611596,18.513418152120924,"2004,2015"
China,Female,Incidence,2005,18.49982487861,15.64305961799,21.84126210677,18.50282573751863,"2004,2015"
China,Female,Incidence,2006,18.49421071701,15.61533219225,21.84824075205,18.49223938334484,"2004,2015"
China,Female,Incidence,2007,18.48525555374,15.58669857773,21.85605413533,18.481659086132098,"2004,2015"
China,Female,Incidence,2008,18.47560389184,15.55873486202,21.86670860151,18.47108484241492,"2004,2015"
China,Female,Incidence,2009,18.46679729891,15.53164926105,21.8727153907,18.46051664872981,"2004,2015"
China,Female,Incidence,2010,18.45940755223,15.50395427964,21.88757712019,18.449954501615263,"2004,2015"
China,Female,Incidence,2011,18.447352143390003,15.47930988641,21.85781789795,18.439398397611736,"2004,2015"
China,Female,Incidence,2012,18.42800950977,15.46631886039,21.8303172198,18.42884833326168,"2004,2015"
China,Female,Incidence,2013,18.40750198174,15.45017253198,21.785462161890003,18.41830430510952,"2004,2015"
China,Female,Incidence,2014,18.39232651687,15.43659469523,21.72763684878,18.407766309701653,"2004,2015"
China,Female,Incidence,2015,18.38810121276,15.42373173404,21.68378890118,18.397234343586465,"2004,2015"
China,Female,Incidence,2016,18.39604506144,15.444473524629998,21.75253898553,18.40299103652608,"2004,2015"
China,Female,Incidence,2017,18.40968225841,15.45809525509,21.78482479806,18.408749530796968,"2004,2015"
China,Female,Incidence,2018,18.42456344649,15.4689067283,21.78456555625,18.41450982696279,"2004,2015"
China,Female,Incidence,2019,18.43718645593,15.475567464930002,21.78318610846,18.42027192558737,"2004,2015"
China,Female,Incidence,2020,18.44443501912,15.47952262276,21.79304746107,18.426035827234728,"2004,2015"
China,Female,Incidence,2021,18.43823828659,15.480596926929998,21.79976783837,18.43180153246904,"2004,2015"
China,Female,Incidence,2022,18.42991677455,15.50316549332,21.77511347988,18.437569041854676,"2004,2015"
China,Female,Incidence,2023,18.4221132549,15.40349009442,21.88439895793,18.443338355956165,"2004,2015"
China,Female,Prevalence,1990,276.90029239308,233.24618241484004,329.6091622691,276.907690299249,2019
China,Female,Prevalence,1991,276.94916923532,233.46729211739,330.09729021043,276.99346724410776,2019
China,Female,Prevalence,1992,277.01559798184,233.65552394615,329.51263565956003,277.0792707598585,2019
China,Female,Prevalence,1993,277.09881737032003,233.58643631562,328.98285187292,277.1651008547318,2019
China,Female,Prevalence,1994,277.19277521666,233.40434683725,329.14774206017,277.25095753696075,2019
China,Female,Prevalence,1995,277.27207979671005,233.22109644355,329.19303064653,277.3368408147815,2019
China,Female,Prevalence,1996,277.39045849985,233.41645397566003,329.56138352625,277.42275069643273,2019
China,Female,Prevalence,1997,277.58313115753003,233.42217485142,330.14845214175,277.50868719015523,2019
China,Female,Prevalence,1998,277.81095142946,233.88122450393,330.54143554976,277.59465030419227,2019
China,Female,Prevalence,1999,278.01621770125,233.90308271362,329.58616053006,277.6806400467902,2019
China,Female,Prevalence,2000,278.1289174789,233.74044331328,329.63262415599,277.7666564261979,2019
China,Female,Prevalence,2001,278.11702585665,234.3130829444,329.10397433648,277.85269945066636,2019
China,Female,Prevalence,2002,278.03093998887005,234.77111980687,329.70935745056,277.93876912844917,2019
China,Female,Prevalence,2003,277.93577421439,234.83587842707,330.77165616243,278.0248654678028,2019
China,Female,Prevalence,2004,277.86868085887,234.60950936901,331.25784929554,278.1109884769864,2019
China,Female,Prevalence,2005,277.85468733323,234.2997499917,331.34778764426,278.19713816426116,2019
China,Female,Prevalence,2006,277.93100277389,234.35015370846,331.45604015946,278.2833145378909,2019
China,Female,Prevalence,2007,278.09137296797,234.48714046736,330.83219404199,278.3695176061423,2019
China,Female,Prevalence,2008,278.30636811519,234.6056367536,330.28606101937004,278.45574737728487,2019
China,Female,Prevalence,2009,278.51882753679,234.62944496074,330.03634036934,278.54200385959,2019
China,Female,Prevalence,2010,278.65902168162,234.59992144108,330.50003092093,278.6282870613316,2019
China,Female,Prevalence,2011,278.74801831264,234.58602663038,330.95765390498,278.71459699078684,2019
China,Female,Prevalence,2012,278.84764858283,234.5582779939,331.16995652058,278.8009336562353,2019
China,Female,Prevalence,2013,278.95820420687,234.461982222,331.52783480695,278.88729706595865,2019
China,Female,Prevalence,2014,279.0636870608,234.34758592671,331.65084061279003,278.97368722824115,2019
China,Female,Prevalence,2015,279.13834944969,234.35781691034,331.71102510939,279.0601041513701,2019
China,Female,Prevalence,2016,279.1934174338,234.14089215665,331.77013689505003,279.1465478436354,2019
China,Female,Prevalence,2017,279.24803417755,233.99603965028,331.82185865163,279.23301831332907,2019
China,Female,Prevalence,2018,279.29943369808,233.96778227654,331.44245812017,279.3195155687455,2019
China,Female,Prevalence,2019,279.3416516949,233.95111433574,331.15420083302,279.4060396181824,2019
China,Female,Prevalence,2020,279.36627567966,233.90244415421,330.97159967637003,279.32083511929625,2019
China,Female,Prevalence,2021,279.36637841349,233.61442401003,331.56701658528,279.23565660340836,2019
China,Female,Prevalence,2022,279.32341776059,233.86366799534,331.19102201912,279.15050406259496,2019
China,Female,Prevalence,2023,278.85919351501,234.44465743948,331.61728314358,279.0653774889352,2019
China,Male,DALYs,1990,207.24980956684453,151.97094845504552,258.3372852445434,207.29260434331962,"1995,1999"
China,Male,DALYs,1991,207.6173399738649,152.3049857105828,258.4799926892305,207.66486625410744,"1995,1999"
China,Male,DALYs,1992,208.10453472933145,152.879507425895,259.23449730731534,208.03779668334366,"1995,1999"
China,Male,DALYs,1993,208.54291405484324,154.52926804631196,261.07994676143375,208.41139683157257,"1995,1999"
China,Male,DALYs,1994,208.72804083270137,154.70498996579116,261.37580604582445,208.78566790149452,"1995,1999"
China,Male,DALYs,1995,209.0636580504319,155.68684086334082,261.9162825812448,209.16061109796954,"1995,1999"
China,Male,DALYs,1996,209.15736463609068,155.19921498742124,262.59385578332075,209.01889877173,"1995,1999"
China,Male,DALYs,1997,208.8857292908356,153.54300179914424,260.81131561058794,208.87728245966494,"1995,1999"
China,Male,DALYs,1998,208.4908952277685,152.89149115314734,260.2724425614167,208.735762096722,"1995,1999"
China,Male,DALYs,1999,208.44604490146705,153.98865556488278,259.5643684758597,208.59433761789288,"1995,1999"
China,Male,DALYs,2000,208.44345552447044,153.96921205160322,260.83329109782966,208.6441340901544,"1995,1999"
China,Male,DALYs,2001,208.51352859780587,152.8249508590018,257.96746484545866,208.6939424500284,"1995,1999"
China,Male,DALYs,2002,208.70874210449688,154.64146952247083,261.573464417741,208.74376270035273,"1995,1999"
China,Male,DALYs,2003,208.78225995945343,153.90711769150215,261.7321620070968,208.79359484396593,"1995,1999"
China,Male,DALYs,2004,209.0576043179419,154.63323887636182,260.40325162469134,208.84343888370722,"1995,1999"
China,Male,DALYs,2005,209.11505019967643,154.27658579215884,261.6913758175381,208.89329482241646,"1995,1999"
China,Male,DALYs,2006,209.1498673638339,154.54823972799824,262.556254496102,208.94316266293424,"1995,1999"
China,Male,DALYs,2007,209.15889430943272,154.590055402566,261.8268104416405,208.99304240810181,"1995,1999"
China,Male,DALYs,2008,209.32472123778587,155.5175870965447,260.9083402830019,209.04293406076113,"1995,1999"
China,Male,DALYs,2009,209.27668116415632,154.20726324921833,262.7042033821886,209.09283762375472,"1995,1999"
China,Male,DALYs,2010,209.2218129359716,154.8743059064282,263.85609416116216,209.14275309992593,"1995,1999"
China,Male,DALYs,2011,209.06640184820552,154.52644118089597,262.0655778506349,209.1926804921187,"1995,1999"
China,Male,DALYs,2012,209.17251646314088,154.06326819764286,261.2621274706512,209.24261980317766,"1995,1999"
China,Male,DALYs,2013,209.14809416421872,153.03602541397638,261.2406847600412,209.29257103594816,"1995,1999"
China,Male,DALYs,2014,209.09022884460856,153.61419908355728,261.9079077939522,209.34253419327618,"1995,1999"
China,Male,DALYs,2015,209.0753752101842,154.17785612091745,261.97106557912144,209.3925092780084,"1995,1999"
China,Male,DALYs,2016,209.26340575499225,154.46927950980873,262.7785988825696,209.44249629299213,"1995,1999"
China,Male,DALYs,2017,209.50872592637907,152.19541371231375,262.885869646078,209.4924952410755,"1995,1999"
China,Male,DALYs,2018,209.75515660095977,153.80302677281804,262.2482790315293,209.54250612510717,"1995,1999"
China,Male,DALYs,2019,210.0402424143799,156.44757402640982,262.17152443509354,209.59252894793653,"1995,1999"
China,Male,DALYs,2020,210.0792161088028,154.4785446771076,261.18100812954293,209.64256371241368,"1995,1999"
China,Male,DALYs,2021,209.7987789834989,154.60195643444763,261.59146324967026,209.69261042138936,"1995,1999"
China,Male,DALYs,2022,209.63512678989787,153.86306248566265,262.2083096817631,209.74266907771505,"1995,1999"
China,Male,DALYs,2023,209.1412946881056,154.26520770529277,260.5666300417896,209.7927396842428,"1995,1999"
China,Male,Incidence,1990,22.782916362690003,19.22242107758,26.97943154351,22.816231449245514,2006
China,Male,Incidence,1991,22.80992081871,19.25503838243,26.9800908836,22.822948395600164,2006
China,Male,Incidence,1992,22.83253394493,19.28440866957,26.987319816610004,22.82966731937902,2006
China,Male,Incidence,1993,22.85307603628,19.30988353998,27.00755012842,22.836388221164224,2006
China,Male,Incidence,1994,22.87028672082,19.32825123333,27.01926089534,22.843111101538085,2006
China,Male,Incidence,1995,22.88274874173,19.344151205,27.02341860932,22.849835961083084,2006
China,Male,Incidence,1996,22.88302406762,19.33855641546,26.96310163856,22.85656280038188,2006
China,Male,Incidence,1997,22.87206589513,19.32476922478,26.92900245076,22.863291620017296,2006
China,Male,Incidence,1998,22.85997851676,19.31006283091,26.92221536031,22.870022420572333,2006
China,Male,Incidence,1999,22.85248563193,19.2910770112,26.91710266983,22.876755202630157,2006
China,Male,Incidence,2000,22.85456833048,19.26458748673,26.920905498830003,22.883489966774114,2006
China,Male,Incidence,2001,22.86643943251,19.29241589843,26.9298286534,22.89022671358771,2006
China,Male,Incidence,2002,22.88377156863,19.31738530731,26.94824116344,22.89696544365464,2006
China,Male,Incidence,2003,22.90435951441,19.34744139253,26.97080216492,22.90370615755875,2006
China,Male,Incidence,2004,22.92176034363,19.3710994533,26.98771466921,22.910448855884077,2006
China,Male,Incidence,2005,22.92933130176,19.38363103342,27.00900101522,22.917193539214814,2006
China,Male,Incidence,2006,22.92796342348,19.35232553075,27.04218120744,22.92394020813534,2006
China,Male,Incidence,2007,22.92495842757,19.35261417102,27.06948686694,22.91695211630003,2006
China,Male,Incidence,2008,22.9216814711,19.35139294162,27.049229405,22.909966154701806,2006
China,Male,Incidence,2009,22.91794885377,19.35182108833,26.99358292457,22.902982322691287,2006
China,Male,Incidence,2010,22.91314469692,19.35556916571,26.93991844021,22.89600061961929,2006
China,Male,Incidence,2011,22.89962902791,19.32124968525,26.9669971937,22.889021044836838,2006
China,Male,Incidence,2012,22.87584095772,19.27982979555,27.002491775800003,22.882043597695144,2006
China,Male,Incidence,2013,22.85022128077,19.23661796895,27.0371120984,22.875068277545626,2006
China,Male,Incidence,2014,22.83151710384,19.19908175876,27.00506113207,22.86809508373989,2006
China,Male,Incidence,2015,22.82725852467,19.17491576865,27.02432733913,22.86112401562975,2006
China,Male,Incidence,2016,22.83387289846,19.17837860252,27.04702173174,22.85415507256721,2006
China,Male,Incidence,2017,22.84124901813,19.18119944671,27.07859708242,22.847188253904477,2006
China,Male,Incidence,2018,22.84843310984,19.18195276123,27.1189850011,22.840223558993948,2006
China,Male,Incidence,2019,22.8553270604,19.2035589968,27.15219775041,22.83326098718823,2006
China,Male,Incidence,2020,22.86161413276,19.24624195875,27.17425548517,22.826300537840112,2006
China,Male,Incidence,2021,22.84494471232,19.26268453991,27.19140279434,22.81934221030259,2006
China,Male,Incidence,2022,22.82157242665,19.2613380022,27.07350385544,22.812386003928857,2006
China,Male,Incidence,2023,22.77420365679,19.21045574529,26.926866401650003,22.8054319180723,2006
China,Male,Prevalence,1990,322.43326719739,269.45275657734,380.64500636323,323.20120563225026,"2003,2017"
China,Male,Prevalence,1991,322.90401216876,270.50075559798,380.81137906767,323.2543186439781,"2003,2017"
China,Male,Prevalence,1992,323.30285773669004,270.76971836363,381.53595169885,323.3074403839903,"2003,2017"
China,Male,Prevalence,1993,323.62710952955,270.93465471927,382.45166175781,323.36057085372113,"2003,2017"
China,Male,Prevalence,1994,323.87652741949,271.44334214756003,383.26086549985,323.41371005460525,"2003,2017"
China,Male,Prevalence,1995,324.04531418682,272.01199406569,383.91979557137,323.46685798807744,"2003,2017"
China,Male,Prevalence,1996,324.04757008521,271.83095908013,383.43129836006,323.5200146555728,"2003,2017"
China,Male,Prevalence,1997,323.87326976675,272.00489729334004,382.83194860093,323.57318005852665,"2003,2017"
China,Male,Prevalence,1998,323.6393190468,272.37013381951004,382.66347076583,323.62635419837443,"2003,2017"
China,Male,Prevalence,1999,323.44749288086,272.74463673036,382.58623116614,323.67953707655204,"2003,2017"
China,Male,Prevalence,2000,323.39484394767004,272.97616433407,382.34171495925,323.73272869449534,"2003,2017"
China,Male,Prevalence,2001,323.48429228327,272.4594149795,382.89217772326,323.7859290536407,"2003,2017"
China,Male,Prevalence,2002,323.64071030385,271.68137309098,382.99875433598,323.8391381554245,"2003,2017"
China,Male,Prevalence,2003,323.83888796052,270.94265063214004,383.38199893438,323.89235600128353,"2003,2017"
China,Male,Prevalence,2004,324.02720738748,270.53472716968,383.69928886857,324.04498042478525,"2003,2017"
China,Male,Prevalence,2005,324.15264187869,270.44911633512,383.82407311562,324.1976767679054,"2003,2017"
China,Male,Prevalence,2006,324.27617770628,270.7281424469,383.50419537807,324.3504450645339,"2003,2017"
China,Male,Prevalence,2007,324.47410751534,271.41771385267,383.0402668691,324.50328534857664,"2003,2017"
China,Male,Prevalence,2008,324.71441532844,272.48058881528,382.67728240355,324.6561976539555,"2003,2017"
China,Male,Prevalence,2009,324.93748402771,272.89983948547,382.38339223735,324.8091820146083,"2003,2017"
China,Male,Prevalence,2010,325.08351587878,272.91764217064,382.25053882892,324.962238464489,"2003,2017"
China,Male,Prevalence,2011,325.18911961657,272.73436934598,382.58285700749,325.1153670375674,"2003,2017"
China,Male,Prevalence,2012,325.32413439658,272.51530532139,382.98741850271,325.2685677678294,"2003,2017"
China,Male,Prevalence,2013,325.4762915899,272.28413642593,383.4284537784,325.4218406892768,"2003,2017"
China,Male,Prevalence,2014,325.61690695473,272.21531274068,383.9603378186,325.5751858359276,"2003,2017"
China,Male,Prevalence,2015,325.71382373033,272.06247184907,384.52382501284,325.72860324181556,"2003,2017"
China,Male,Prevalence,2016,325.75150533511,271.96781158251,384.93073348546,325.88209294099084,"2003,2017"
China,Male,Prevalence,2017,325.74645337097,272.00791710116,385.69427437045,326.0356549675194,"2003,2017"
China,Male,Prevalence,2018,325.71835324919,271.89080811464,385.74193415219,325.8327779252922,"2003,2017"
China,Male,Prevalence,2019,325.68498439291,271.92074065248,385.59321300927,325.6300271241482,"2003,2017"
China,Male,Prevalence,2020,325.66380422307,271.93081940095,385.40327344503,325.4274024855335,"2003,2017"
China,Male,Prevalence,2021,325.46489588991,271.99331009647,385.09940570068,325.22490393094284,"2003,2017"
China,Male,Prevalence,2022,325.19566849371,272.20156083761,383.58928509622,325.02253138191986,"2003,2017"
China,Male,Prevalence,2023,324.39947351022,272.29677744072,383.47358593897,324.82028476005723,"2003,2017"
United States of America,Female,DALYs,1990,269.4807146176897,190.0374175951557,335.4177287828488,268.472906022791,"2010,2015"
United States of America,Female,DALYs,1991,268.90803854059664,189.9535643203384,333.09089904430624,268.5044831066892,"2010,2015"
United States of America,Female,DALYs,1992,268.999897370078,190.9305830482139,332.6364939640097,268.53606390460163,"2010,2015"
United States of America,Female,DALYs,1993,268.83597550712113,190.8152215948477,333.50039676795853,268.56764841696537,"2010,2015"
United States of America,Female,DALYs,1994,268.6273448028327,189.2929040705473,334.46905659025435,268.5992366442171,"2010,2015"
United States of America,Female,DALYs,1995,268.2076083139268,190.04869347044047,331.1372464511784,268.6308285867939,"2010,2015"
United States of America,Female,DALYs,1996,268.1128317718701,189.17175241414844,332.1775587399952,268.6624242451326,"2010,2015"
United States of America,Female,DALYs,1997,268.09153583287986,190.1881394931616,330.7044490386924,268.6940236196705,"2010,2015"
United States of America,Female,DALYs,1998,267.930728238397,189.3278778048224,330.646632413053,268.7256267108444,"2010,2015"
United States of America,Female,DALYs,1999,267.8256605443129,188.5105524863976,330.9860354246531,268.7572335190916,"2010,2015"
United States of America,Female,DALYs,2000,267.6177112544077,188.1451471519948,328.29472572912783,268.7888440448492,"2010,2015"
United States of America,Female,DALYs,2001,267.851362026526,189.54833462433595,328.9985626769906,268.82045828855456,"2010,2015"
United States of America,Female,DALYs,2002,268.7681169434914,190.40755818216863,333.3985216255813,268.8520762506449,"2010,2015"
United States of America,Female,DALYs,2003,269.17243432737547,190.2969432168348,332.6971325969932,268.8836979315576,"2010,2015"
United States of America,Female,DALYs,2004,269.9618007073998,189.36061281486465,335.2103412389793,268.91532333173006,"2010,2015"
United States of America,Female,DALYs,2005,270.133037153141,189.7296725465536,333.1131929492984,268.9469524515997,"2010,2015"
United States of America,Female,DALYs,2006,270.18490526737594,189.3856840724516,333.8273204163657,268.978585291604,"2010,2015"
United States of America,Female,DALYs,2007,269.819451050855,189.95414826345765,333.81004124561576,269.01022185218056,"2010,2015"
United States of America,Female,DALYs,2008,269.3433272039496,189.85247924779776,333.90117388526363,269.041862133767,"2010,2015"
United States of America,Female,DALYs,2009,268.7398182139412,189.4988680056399,331.0712159919599,269.0735061368009,"2010,2015"
United States of America,Female,DALYs,2010,267.9552509790738,188.46531850002808,331.5334539856158,269.10515386172005,"2010,2015"
United States of America,Female,DALYs,2011,265.8650779449273,186.60097084574485,329.8943403952823,265.48945852426374,"2010,2015"
United States of America,Female,DALYs,2012,262.0837657118509,185.36720506216145,324.659619791323,261.9223436490754,"2010,2015"
United States of America,Female,DALYs,2013,257.88553139735615,183.9694986706122,318.06153462802826,258.4031565093366,"2010,2015"
United States of America,Female,DALYs,2014,254.14882289831172,179.40978832866026,314.40122782810784,254.93125314826275,"2010,2015"
United States of America,Female,DALYs,2015,252.07844780375035,177.72119825222651,310.4029693815868,251.50599826126899,"2010,2015"
United States of America,Female,DALYs,2016,251.2684743319306,178.70184192816194,308.91523632021665,250.97142510625068,"2010,2015"
United States of America,Female,DALYs,2017,250.61537667774573,177.39929708699714,309.3719578177374,250.43798818042788,"2010,2015"
United States of America,Female,DALYs,2018,250.0651045308392,177.8175429145236,307.9789318283399,249.90568506875826,"2010,2015"
United States of America,Female,DALYs,2019,249.5356896057436,177.9569969513529,307.2325257537821,249.37451336133267,"2010,2015"
United States of America,Female,DALYs,2020,248.31600808597693,176.77835521044122,305.91463447294,248.8444706533642,"2010,2015"
United States of America,Female,DALYs,2021,247.7122543569937,176.05567880430416,307.2157551447892,248.31555454517724,"2010,2015"
United States of America,Female,DALYs,2022,247.74249552589453,178.52396490131622,305.8309854198492,247.7877626421967,"2010,2015"
United States of America,Female,DALYs,2023,247.86164747926725,176.80561033016937,305.02831248853687,247.26109255493716,"2010,2015"
United States of America,Female,Incidence,1990,24.55491470791,20.8947144376,29.32199115684,24.53906281389053,"2010,2015"
United States of America,Female,Incidence,1991,24.57064849948,20.90288223507,29.32059232932,24.53019822995366,"2010,2015"
United States of America,Female,Incidence,1992,24.57674259107,20.90140105085,29.3146841803,24.52133684829264,"2010,2015"
United States of America,Female,Incidence,1993,24.5745057863,20.88507583531,29.30772379631,24.512478667750678,"2010,2015"
United States of America,Female,Incidence,1994,24.56525129962,20.86398307708,29.30372404507,24.503623687171384,"2010,2015"
United States of America,Female,Incidence,1995,24.5502205833,20.83993127656,29.30494983055,24.494771905398792,"2010,2015"
United States of America,Female,Incidence,1996,24.51127474884,20.81270394345,29.25218370374,24.485923321277355,"2010,2015"
United States of America,Female,Incidence,1997,24.44335744325,20.75306484622,29.17722907249,24.47707793365194,"2010,2015"
United States of America,Female,Incidence,1998,24.36761003934,20.68668527582,29.09757395539,24.46823574136783,"2010,2015"
United States of America,Female,Incidence,1999,24.30546284253,20.63501592923,29.03620801064,24.459396743270734,"2010,2015"
United States of America,Female,Incidence,2000,24.27826772799,20.63372259419,29.01526120501,24.450560938206767,"2010,2015"
United States of America,Female,Incidence,2001,24.301103005,20.65834329633,29.05933214958,24.441728325022467,"2010,2015"
United States of America,Female,Incidence,2002,24.35903530441,20.73413425538,29.16951362654,24.432898902564787,"2010,2015"
United States of America,Female,Incidence,2003,24.428978171580003,20.82084540844,29.2891568478,24.424072669681095,"2010,2015"
United States of America,Female,Incidence,2004,24.487764940730003,20.89483464864,29.38952233289,24.415249625219182,"2010,2015"
United States of America,Female,Incidence,2005,24.51236718794,20.93400114552,29.44861673404,24.406429768027248,"2010,2015"
United States of America,Female,Incidence,2006,24.49787634634,20.89100434304,29.40244097269,24.397613096953908,"2010,2015"
United States of America,Female,Incidence,2007,24.45957448828,20.82442083628,29.32687327822,24.388799610848203,"2010,2015"
United States of America,Female,Incidence,2008,24.40713108763,20.74379885443,29.227937806030003,24.379989308559576,"2010,2015"
United States of America,Female,Incidence,2009,24.34940652377,20.65920460128,29.11341784009,24.3711821889379,"2010,2015"
United States of America,Female,Incidence,2010,24.29526361694,20.58046688874,28.99496309165,24.36237825083345,"2010,2015"
United States of America,Female,Incidence,2011,24.15137303936,20.4843881696,28.73277412637,24.092193100096782,"2010,2015"
United States of America,Female,Incidence,2012,23.87530057106,20.29241881247,28.30521609131,23.82500437339257,"2010,2015"
United States of America,Female,Incidence,2013,23.55289862653,20.06532810031,27.81914893969,23.560778839594093,"2010,2015"
United States of America,Female,Incidence,2014,23.26990842344,19.86759055135,27.39874754097,23.299483636116523,"2010,2015"
United States of America,Female,Incidence,2015,23.11180606192,19.76687810005,27.176168036790003,23.041086264829698,"2010,2015"
United States of America,Female,Incidence,2016,23.04879355567,19.74428117195,27.12941195513,23.023027148616755,"2010,2015"
United States of America,Female,Incidence,2017,22.994702339,19.72788868034,27.09191603882,23.00498218675724,"2010,2015"
United States of America,Female,Incidence,2018,22.95014004778,19.71389458445,27.058564697700003,22.98695136815727,"2010,2015"
United States of America,Female,Incidence,2019,22.91579227656,19.68007064559,27.03428048405,22.968934681731664,"2010,2015"
United States of America,Female,Incidence,2020,22.89220103631,19.62901810274,27.02907444101,22.950932116403916,"2010,2015"
United States of America,Female,Incidence,2021,22.88202141896,19.6421482191,27.03694976899,22.932943661106208,"2010,2015"
United States of America,Female,Incidence,2022,22.88766539089,19.59569713865,27.08053516496,22.914969304779397,"2010,2015"
United States of America,Female,Incidence,2023,23.03579326505,19.64945729368,27.07250696422,22.89700903637301,"2010,2015"
United States of America,Female,Prevalence,1990,435.1880400926101,361.33163503976,517.16221686159,434.0337214563418,"2010,2015"
United States of America,Female,Prevalence,1991,434.82937908548,361.11546516825,516.60800862894,433.9216679045273,"2010,2015"
United States of America,Female,Prevalence,1992,434.4399680863,361.14562351296,516.11311198387,433.80964328133706,"2010,2015"
United States of America,Female,Prevalence,1993,434.0549666716301,361.14799363755,515.69756089678,433.6976475793027,"2010,2015"
United States of America,Female,Prevalence,1994,433.70851926144,361.15821234806,515.38175449993,433.5856807909578,"2010,2015"
United States of America,Female,Prevalence,1995,433.43600175232,361.21486676824,515.1877547232899,433.4737429088376,"2010,2015"
United States of America,Female,Prevalence,1996,433.02990107428,360.82140334767,514.98976818078,433.3618339254796,"2010,2015"
United States of America,Female,Prevalence,1997,432.38648839527,360.26650282688,514.50990358538,433.249953833423,"2010,2015"
United States of America,Female,Prevalence,1998,431.6960983313001,359.4417155503,513.9743317191701,433.13810262520894,"2010,2015"
United States of America,Female,Prevalence,1999,431.14897880118,358.67912921485,513.61050942745,433.02628029338064,"2010,2015"
United States of America,Female,Prevalence,2000,430.93607870005,358.66450919842,513.6519197588,432.9144868304831,"2010,2015"
United States of America,Female,Prevalence,2001,431.29856351893,359.03171236237,514.13944280948,432.80272222906325,"2010,2015"
United States of America,Female,Prevalence,2002,432.1325354853,359.74187352542003,515.3794018388601,432.6909864816701,"2010,2015"
United States of America,Female,Prevalence,2003,433.11544444097,360.34442158768,515.8918292303699,432.57927958085435,"2010,2015"
United States of America,Female,Prevalence,2004,433.92172485544006,360.69902190955,516.0555991551499,432.4676015191688,"2010,2015"
United States of America,Female,Prevalence,2005,434.22906802042,360.64240980664,515.6907083364899,432.3559522891681,"2010,2015"
United States of America,Female,Prevalence,2006,433.98045588005,360.9615555061701,516.8443973598501,432.2443318834088,"2010,2015"
United States of America,Female,Prevalence,2007,433.36580712136,360.94018169711,517.6060826358399,432.1327402944495,"2010,2015"
United States of America,Female,Prevalence,2008,432.46473916796,360.64701035095,516.22180219063,432.02117751485054,"2010,2015"
United States of America,Female,Prevalence,2009,431.34613471026006,360.15333841443004,514.62143325409,431.9096435371743,"2010,2015"
United States of America,Female,Prevalence,2010,430.07895772541,359.52978008388,512.96946484364,431.79813835398505,"2010,2015"
United States of America,Female,Prevalence,2011,426.91053322944,356.32713480485,508.08268123782005,426.1970831849438,"2010,2015"
United States of America,Female,Prevalence,2012,421.18490898276,351.63585884443995,500.20879845818,420.668681916464,"2010,2015"
United States of America,Female,Prevalence,2013,414.62067288757,346.80668489976,491.38574629758,415.2119921208947,"2010,2015"
United States of America,Female,Prevalence,2014,408.93632103551,341.91866190797003,483.62946153902,409.82608359525364,"2010,2015"
United States of America,Female,Prevalence,2015,405.84745395247006,339.03293189855,478.9322188688,404.5100382026555,"2010,2015"
United States of America,Female,Prevalence,2016,404.73931045516,338.18712380609,478.00938521946,404.2280914256183,"2010,2015"
United States of America,Female,Prevalence,2017,403.84841026946,337.54233448698,477.39821977469,403.94634116777115,"2010,2015"
United States of America,Female,Prevalence,2018,403.16494043235,337.0832706998,477.11304601698,403.6647872921386,"2010,2015"
United States of America,Female,Prevalence,2019,402.67997925326,336.57550831991,477.13031498737007,403.3834296618407,"2010,2015"
United States of America,Female,Prevalence,2020,402.38527902662,335.68577265612,477.3911996323701,403.1022681400928,"2010,2015"
United States of America,Female,Prevalence,2021,402.48875181116,336.84007569576,477.26200158451,402.8213025902056,"2010,2015"
United States of America,Female,Prevalence,2022,402.75014803638,337.74897912623,477.51659074791,402.54053287558526,"2010,2015"
United States of America,Female,Prevalence,2023,403.27353450435,336.95953658544,477.09964003767,402.25995885973293,"2010,2015"
United States of America,Male,DALYs,1990,281.19895976143107,202.4422217345952,346.5631887911838,280.92503669220685,"2009,2017"
United States of America,Male,DALYs,1991,281.17503191331826,201.6459335741777,347.12786518499576,280.9990043631909,"2009,2017"
United States of America,Male,DALYs,1992,281.1780549497299,201.8444189648825,349.3167202782249,281.0729915098915,"2009,2017"
United States of America,Male,DALYs,1993,281.0816137642352,200.7316330461348,346.4305908068601,281.1469981374364,"2009,2017"
United States of America,Male,DALYs,1994,281.2005463398549,200.1988536221277,348.8095334346576,281.22102425095505,"2009,2017"
United States of America,Male,DALYs,1995,281.27825429140904,200.9982705656957,347.59156918415715,281.295069855578,"2009,2017"
United States of America,Male,DALYs,1996,281.3655871877486,201.71272649354577,350.44814153583326,281.3691349564374,"2009,2017"
United States of America,Male,DALYs,1997,281.36917602476694,200.17027957593257,348.917941454774,281.4432195586665,"2009,2017"
United States of America,Male,DALYs,1998,281.22689738502095,199.9328898131168,347.0664257949627,281.5173236674001,"2009,2017"
United States of America,Male,DALYs,1999,281.3962048259405,201.531235687234,348.8619272790028,281.5914472877742,"2009,2017"
United States of America,Male,DALYs,2000,281.3763280196945,200.4201045372793,348.49206203287144,281.6655904249263,"2009,2017"
United States of America,Male,DALYs,2001,281.4651567616994,200.7448930588279,349.63740444220485,281.7397530839951,"2009,2017"
United States of America,Male,DALYs,2002,281.673605960779,204.0206994051772,347.28640351312794,281.81393527012074,"2009,2017"
United States of America,Male,DALYs,2003,281.86076082562533,200.8162964744068,347.6898845584452,281.8881369884448,"2009,2017"
United States of America,Male,DALYs,2004,282.2602069134176,202.6322454119971,348.47091730221524,281.96235824410996,"2009,2017"
United States of America,Male,DALYs,2005,282.3926853395554,200.78074735277204,348.82329758916165,282.03659904226055,"2009,2017"
United States of America,Male,DALYs,2006,282.35545551984177,200.8033741574156,347.5622924615416,282.110859388042,"2009,2017"
United States of America,Male,DALYs,2007,282.14949041780574,200.83049643233812,348.6192384895296,282.18513928660127,"2009,2017"
United States of America,Male,DALYs,2008,282.1362377203964,200.80476678251264,349.0332907554194,282.25943874308666,"2009,2017"
United States of America,Male,DALYs,2009,281.85652025356967,200.62253922250127,347.7588933505212,282.3337577626477,"2009,2017"
United States of America,Male,DALYs,2010,281.4191996936053,199.49938159395992,347.0361555213907,281.11163996146166,"2009,2017"
United States of America,Male,DALYs,2011,280.49840847857394,199.3797098483812,347.07263030624546,279.8948122535745,"2009,2017"
United States of America,Male,DALYs,2012,278.95438820923573,198.84673321486088,343.1527454416267,278.6832517401404,"2009,2017"
United States of America,Male,DALYs,2013,277.306950546476,198.1130785739022,344.1432944570973,277.47693562143405,"2009,2017"
United States of America,Male,DALYs,2014,275.8198714957597,197.86408032759192,343.4255479533238,276.2758411964217,"2009,2017"
United States of America,Male,DALYs,2015,274.7809072655301,196.1329770087226,339.6650907689359,275.0799458623341,"2009,2017"
United States of America,Male,DALYs,2016,274.0600818072071,195.89052690156365,339.83805701611345,273.8892271142407,"2009,2017"
United States of America,Male,DALYs,2017,273.25529287533726,196.0570190514068,335.38496771202216,272.7036625446267,"2009,2017"
United States of America,Male,DALYs,2018,272.4079757055924,195.5012002258576,335.2385273699211,272.4167245073018,"2009,2017"
United States of America,Male,DALYs,2019,271.8152154596659,195.65988275352052,334.7678195349367,272.1300883853839,"2009,2017"
United States of America,Male,DALYs,2020,270.86379229887905,195.79323550649912,333.59422429663965,271.8437538611984,"2009,2017"
United States of America,Male,DALYs,2021,271.6963497028006,196.02415629376875,336.5544090233591,271.5577206174051,"2009,2017"
United States of America,Male,DALYs,2022,272.8756050380509,196.35534315421364,339.7448886343856,271.2719883369975,"2009,2017"
United States of America,Male,DALYs,2023,270.1599534580866,194.75363846728047,334.9655725847668,270.98655670330277,"2009,2017"
United States of America,Male,Incidence,1990,27.27643306768,23.47298420052,32.00159488931,27.19170350048523,"2010,2017"
United States of America,Male,Incidence,1991,27.24388337197,23.5019188312,31.95701466262,27.1949436162109,"2010,2017"
United States of America,Male,Incidence,1992,27.216095568,23.48370441672,31.91517654385,27.198184118023082,"2010,2017"
United States of America,Male,Incidence,1993,27.19411101318,23.45446471405,31.87621682622,27.201425005967778,"2010,2017"
United States of America,Male,Incidence,1994,27.178897515600003,23.42740674542,31.86360027301,27.204666280091,"2010,2017"
United States of America,Male,Incidence,1995,27.171315669820004,23.40525288254,31.87373434443,27.207907940438766,"2010,2017"
United States of America,Male,Incidence,1996,27.17217456416,23.41820265676,31.86153198867,27.211149987057098,"2010,2017"
United States of America,Male,Incidence,1997,27.17939742712,23.43480059861,31.86418661175,27.21439241999202,"2010,2017"
United States of America,Male,Incidence,1998,27.18958086769,23.43987117496,31.87114132709,27.21763523928957,"2010,2017"
United States of America,Male,Incidence,1999,27.19941660916,23.44455681981,31.87409918186,27.22087844499578,"2010,2017"
United States of America,Male,Incidence,2000,27.2054876666,23.43032741928,31.93645550071,27.2241220371567,"2010,2017"
United States of America,Male,Incidence,2001,27.21190354983,23.47033691641,31.9044318852,27.227366015818376,"2010,2017"
United States of America,Male,Incidence,2002,27.22199667068,23.48079902418,31.9056929813,27.23061038102686,"2010,2017"
United States of America,Male,Incidence,2003,27.23227848833,23.47884243191,31.92416864791,27.233855132828218,"2010,2017"
United States of America,Male,Incidence,2004,27.239127561030003,23.45107534976,31.93313923197,27.237100271268513,"2010,2017"
United States of America,Male,Incidence,2005,27.23915552984,23.41595528197,31.93777915018,27.240345796393814,"2010,2017"
United States of America,Male,Incidence,2006,27.244312252630003,23.44644481911,31.92633677073,27.2435917082502,"2010,2017"
United States of America,Male,Incidence,2007,27.25940918569,23.42752643261,31.96984410287,27.246838006883756,"2010,2017"
United States of America,Male,Incidence,2008,27.274444416590004,23.39791269986,32.015481861990004,27.250084692340565,"2010,2017"
United States of America,Male,Incidence,2009,27.27852350329,23.35905135742,32.052347990120005,27.253331764666722,"2010,2017"
United States of America,Male,Incidence,2010,27.26061205615,23.30039074849,32.068139436710005,27.25657922390833,"2010,2017"
United States of America,Male,Incidence,2011,27.19710231118,23.25454531476,31.919015026,27.16330848787118,"2010,2017"
United States of America,Male,Incidence,2012,27.08974662385,23.1819313632,31.70182485291,27.07035691991927,"2010,2017"
United States of America,Male,Incidence,2013,26.96562212804,23.09199571984,31.45437502404,26.97772342787437,"2010,2017"
United States of America,Male,Incidence,2014,26.85189654262,23.00800146512,31.259348287770003,26.885406923295644,"2010,2017"
United States of America,Male,Incidence,2015,26.77531529694,22.95818079626,31.16659277301,26.793406321466843,"2010,2017"
United States of America,Male,Incidence,2016,26.7176030771,22.90090759047,31.05844703787,26.701720541383573,"2010,2017"
United States of America,Male,Incidence,2017,26.650641757280003,22.83715427075,30.95405347689,26.61034850574058,"2010,2017"
United States of America,Male,Incidence,2018,26.586187645860004,22.76955402982,30.93480644867,26.595491317254954,"2010,2017"
United States of America,Male,Incidence,2019,26.53609516322,22.70788411741,30.92495124611,26.580642423889916,"2010,2017"
United States of America,Male,Incidence,2020,26.51220904474,22.66107072897,30.93695378371,26.5658018210141,"2010,2017"
United States of America,Male,Incidence,2021,26.59290664877,22.7982258031,31.07619513649,26.550969503998736,"2010,2017"
United States of America,Male,Incidence,2022,26.67596984296,22.9276444076,31.303977874390004,26.536145468217622,"2010,2017"
United States of America,Male,Incidence,2023,26.42062052512,22.57445926108,30.86374065368,26.52132970904716,"2010,2017"
United States of America,Male,Prevalence,1990,443.11101973017,370.70370520332,523.97939661787,442.4325569000517,"2009,2018"
United States of America,Male,Prevalence,1991,442.99587487878006,370.35419482787,524.19294262719,442.49754689381456,"2009,2018"
United States of America,Male,Prevalence,1992,442.88136017682,370.00986178647,524.4293920604999,442.5625464341156,"2009,2018"
United States of America,Male,Prevalence,1993,442.7772840295301,369.68303769065,524.8830647336599,442.6275555223571,"2009,2018"
United States of America,Male,Prevalence,1994,442.69230609633,369.38213799313,525.36377395793,442.6925741599416,"2009,2018"
United States of America,Male,Prevalence,1995,442.6357082213,369.11324148245,525.8658238800799,442.75760234827186,"2009,2018"
United States of America,Male,Prevalence,1996,442.57092654151006,369.33860957737,525.28947638934,442.82264008875075,"2009,2018"
United States of America,Male,Prevalence,1997,442.47785527013,369.49633545953,524.63087883928,442.8876873827814,"2009,2018"
United States of America,Male,Prevalence,1998,442.38851265662,369.48225715769,524.02788381696,442.9527442317672,"2009,2018"
United States of America,Male,Prevalence,1999,442.3332905322901,369.36742146335,523.55609195539,443.0178106371117,"2009,2018"
United States of America,Male,Prevalence,2000,442.34246343046,369.33576334515,523.22983020022,443.0828866002187,"2009,2018"
United States of America,Male,Prevalence,2001,442.53966931547,369.68193916575,523.72299425799,443.1479721224921,"2009,2018"
United States of America,Male,Prevalence,2002,442.93419481406,370.17813099335,524.48389121834,443.213067205336,"2009,2018"
United States of America,Male,Prevalence,2003,443.3889911345301,370.71082813397,525.36966447698,443.27817185015493,"2009,2018"
United States of America,Male,Prevalence,2004,443.76362225532,371.30891733822,526.20053827249,443.3432860583534,"2009,2018"
United States of America,Male,Prevalence,2005,443.92330157674,371.70121996929,526.7788961095599,443.40840983133614,"2009,2018"
United States of America,Male,Prevalence,2006,443.9190443697,371.48625635649,526.80901660937,443.4735431705082,"2009,2018"
United States of America,Male,Prevalence,2007,443.83201630376993,371.41314921651,526.85094132423,443.5386860772748,"2009,2018"
United States of America,Male,Prevalence,2008,443.62796105864,371.15476286171,526.95232572052,443.6038385530413,"2009,2018"
United States of America,Male,Prevalence,2009,443.25653979910993,370.73825824237,527.1358144375799,443.6690005992134,"2009,2018"
United States of America,Male,Prevalence,2010,442.66637620731,370.14085692584,527.04931041928,442.0325807498289,"2009,2018"
United States of America,Male,Prevalence,2011,441.34763943587,368.40252739773,524.41859070028,440.4021966386182,"2009,2018"
United States of America,Male,Prevalence,2012,439.18739952071,366.84445716255,520.50272524629,438.77782600348564,"2009,2018"
United States of America,Male,Prevalence,2013,436.73612200012,364.90805242709,516.26010258311,437.15944666444653,"2009,2018"
United States of America,Male,Prevalence,2014,434.54448755159,362.81783335139,512.5339180863999,435.5470365233245,"2009,2018"
United States of America,Male,Prevalence,2015,433.1592552023,361.40429626495,510.17860142408,433.94057356344956,"2009,2018"
United States of America,Male,Prevalence,2016,432.19358895785,360.64897259305,508.9254879137801,432.3400358493576,"2009,2018"
United States of America,Male,Prevalence,2017,431.04738328102,359.71915435215,507.52397590669,430.7454015264908,"2009,2018"
United States of America,Male,Prevalence,2018,429.94630338685,359.13268747783,506.26289914806006,429.15664882089936,"2009,2018"
United States of America,Male,Prevalence,2019,429.1179572849901,358.93229642452,505.58508601039,429.52628410938723,"2009,2018"
United States of America,Male,Prevalence,2020,428.79155584828,358.93931967804,505.62727195262,429.89623776704605,"2009,2018"
United States of America,Male,Prevalence,2021,431.0964634867401,359.88251747244,507.53608068144,430.2665100680892,"2009,2018"
United States of America,Male,Prevalence,2022,433.44876797577,362.0971244506,510.05600036844,430.63710128696613,"2009,2018"
United States of America,Male,Prevalence,2023,428.7969712303701,358.33495356076,502.3204850343,431.0080116983628,"2009,2018"
