location_name,sex_name,measure_name,start_year,end_year,interval_label,count_start,count_end,population_growth,population_aging,rate_change,total_change,population_growth_pct_of_total,population_aging_pct_of_total,rate_change_pct_of_total
China,Female,DALYs,1990,1991,1990-1991,981432.9910020108,1007781.9109643477,15568.0483852881,9885.286629606098,895.5849474379212,26348.91996233212,59.084199305109536,37.516857023885244,3.39894367100523
China,Female,DALYs,1991,1992,1991-1992,1007781.9109643477,1032726.1380429801,13131.671256911106,10774.297335676072,1038.2584860467857,24944.227078633965,52.64412970389878,43.193550562666346,4.162319733434869
China,Female,DALYs,1992,1993,1992-1993,1032726.1380429801,1056182.2109943265,11885.944235742229,10803.275042924175,766.8536726760407,23456.072951342445,50.673206296717154,46.0574754577828,3.2693182455000507
China,Female,DALYs,1993,1994,1993-1994,1056182.2109943265,1079475.369788965,11415.526294146975,9961.604488855888,1916.028011638167,23293.15879464103,49.00806453426705,42.766224094723114,8.225711371009846
China,Female,DALYs,1994,1995,1994-1995,1079475.369788965,1100100.8767746685,11146.70642284987,8876.543623961585,602.2569388910972,20625.506985702552,54.04330875636989,43.03672937646934,2.9199618671607794
China,Female,DALYs,1995,1996,1995-1996,1100100.8767746685,1119239.737729037,10803.37782880858,8253.94293631074,81.54018925079922,19138.860954370117,56.44733954944046,43.12661529852463,0.42604515203492577
China,Female,DALYs,1996,1997,1996-1997,1119239.737729037,1140186.1874182487,11090.7472712429,7588.573538569617,2267.128879401367,20946.449689213885,52.9481006843558,36.22844754678049,10.823451768863709
China,Female,DALYs,1997,1998,1997-1998,1140186.1874182487,1160107.5344157747,12755.228216689857,6140.414932678531,1025.703848156457,19921.346997524844,64.02794057186318,30.82329188604292,5.148767542093901
China,Female,DALYs,1998,1999,1998-1999,1160107.5344157747,1180708.5426507825,15442.956623341228,3739.6800524130617,1418.3715592530014,20601.00823500729,74.96213994565088,18.152898196789337,6.884961857559781
China,Female,DALYs,1999,2000,1999-2000,1180708.5426507825,1199983.9559180327,18344.16809971832,1130.6805014812076,-199.43533394493474,19275.413267254597,95.16874084812339,5.865920931521749,-1.0346617796451552
China,Female,DALYs,2000,2001,2000-2001,1199983.9559180327,1221037.8404404102,21084.21209567366,-1281.9630209172608,1251.6354476157576,21053.88452237216,100.1440474002281,-6.0889619659261855,5.944914565698087
China,Female,DALYs,2001,2002,2001-2002,1221037.8404404102,1240268.9853949975,22858.522598612275,-2416.376798876406,-1211.0008451406222,19231.14495459525,118.8619952300358,-12.564913865406734,-6.297081364629077
China,Female,DALYs,2002,2003,2002-2003,1240268.9853949975,1262266.23561388,23991.24098830344,-2347.886545018526,353.89577559265314,21997.25021887757,109.06472740722235,-10.673545655282041,1.6088182480596933
China,Female,DALYs,2003,2004,2003-2004,1262266.23561388,1284425.7626019863,24318.778761715086,-1594.0906288043673,-565.1611447981171,22159.5269881126,109.74412393712561,-7.193703320741058,-2.5504206163845273
China,Female,DALYs,2004,2005,2004-2005,1284425.7626019863,1308448.906931702,23463.914450974942,76.72334705541532,482.50653168236994,24023.144329712726,97.67212038914445,0.31937262667369065,2.008506984181866
China,Female,DALYs,2005,2006,2005-2006,1308448.906931702,1331106.1257858207,21294.118553560187,2306.975871682012,-943.8755711224318,22657.21885411977,93.983814565521,10.182078773814439,-4.165893339335453
China,Female,DALYs,2006,2007,2006-2007,1331106.1257858207,1355817.1416943453,19108.71810386388,4442.80005228729,1159.497752370662,24711.015908521833,77.3287434826751,17.97902631253273,4.692230204792179
China,Female,DALYs,2007,2008,2007-2008,1355817.1416943453,1378926.404489949,17122.976222027173,6565.396758561099,-579.1101849839712,23109.2627956043,74.09572678053667,28.410238858030244,-2.5059656385669125
China,Female,DALYs,2008,2009,2008-2009,1378926.404489949,1403686.0877886168,15294.024236756144,8142.684660829254,1322.974401083193,24759.68329866859,61.76987020499795,32.88686920024988,5.34326059475217
China,Female,DALYs,2009,2010,2009-2010,1403686.0877886168,1426225.7510279103,13530.614930224605,9127.25117592339,-118.20286685100292,22539.66323929699,60.03024440327274,40.49417721561339,-0.5244216188861287
China,Female,DALYs,2010,2011,2010-2011,1426225.7510279103,1447149.5036703497,11643.470419005374,9156.84122328984,123.44100014190191,20923.752642437117,55.647142355288274,43.762901329267905,0.5899563154438247
China,Female,DALYs,2011,2012,2011-2012,1447149.5036703497,1465875.8352964837,9749.761892326449,9068.648751051785,-92.07901724493907,18726.331626133295,52.064451740886035,48.427257041609515,-0.4917087824955495
China,Female,DALYs,2012,2013,2012-2013,1465875.8352964837,1481605.895186219,7916.8593986781,9218.052487925548,-1404.851996870789,15730.05988973286,50.32949304818286,58.60150916489674,-8.931002213079605
China,Female,DALYs,2013,2014,2013-2014,1481605.895186219,1496335.04906138,6193.59747542371,8691.521213748725,-155.9648140098434,14729.153875162592,42.04992036825564,59.008964719996726,-1.0588850882523742
China,Female,DALYs,2014,2015,2014-2015,1496335.04906138,1509712.2490609565,4682.7689547580285,8231.438785338503,462.9922594808353,13377.199999577366,35.005598741933845,61.53334618304701,3.4610550750191584
China,Female,DALYs,2015,2016,2015-2016,1509712.2490609565,1520415.2378718515,3483.796642983526,6428.225831993816,790.9663359185992,10702.988810895942,32.549755068761016,60.060100459506245,7.3901444717327305
China,Female,DALYs,2016,2017,2016-2017,1520415.2378718515,1528977.7525290959,2640.358013770776,4852.146830660175,1070.0098128147656,8562.514657245716,30.836245185711526,56.66731123845986,12.496443575828613
China,Female,DALYs,2017,2018,2017-2018,1528977.7525290959,1537919.4177549977,2519.964699752163,3715.2725345467916,2706.427991604316,8941.66522590327,28.182275181271965,41.5501189172678,30.267605901460236
China,Female,DALYs,2018,2019,2018-2019,1537919.4177549977,1543174.0724626982,3199.222478322607,970.1074278698457,1085.3248015073282,5254.654707699781,60.88359095479106,18.461868226057216,20.65454081915171
China,Female,DALYs,2019,2020,2019-2020,1543174.0724626982,1547019.8911503556,4332.588114150839,134.1422490067004,-620.9116755071639,3845.818687650375,112.6571080447336,3.488002422928975,-16.14511046766257
China,Female,DALYs,2020,2021,2020-2021,1547019.8911503556,1550439.6259348781,5315.037884070926,-2371.2092357636043,475.90613622012705,3419.734784527449,155.42251721153218,-69.33898051077274,13.9164632992406
China,Female,DALYs,2021,2022,2021-2022,1550439.6259348781,1552061.961190982,5880.563424672156,-4053.4746703506294,-204.75349821600443,1622.3352561055217,362.47522838088815,-249.85431680016322,-12.620911580724881
China,Female,DALYs,2022,2023,2022-2023,1552061.961190982,1548871.3277335828,6417.944382172039,-5632.061071923623,-3976.5167676448277,-3190.6334573964123,-201.14953559752183,176.518586265921,124.63094933160086
United States of America,Female,DALYs,1990,1991,1990-1991,385611.4138011097,389042.63877341256,3311.863810345472,1033.8029585658805,-914.4417966071633,3431.2249723041896,96.52132509753324,30.12926773704509,-26.650592834578347
United States of America,Female,DALYs,1991,1992,1991-1992,389042.63877341256,392969.0667111154,3529.7189938558054,309.37048160813475,87.33846223746272,3926.4279377014027,89.8964414949167,7.879183994122798,2.2243745109605175
United States of America,Female,DALYs,1992,1993,1992-1993,392969.0667111154,396259.0055952226,3879.2996048638406,-267.76669985881506,-321.59402089762926,3289.938884107396,117.91403249475091,-8.138956658201378,-9.77507583654953
United States of America,Female,DALYs,1993,1994,1993-1994,396259.0055952226,399509.91873376287,3802.178033248832,-179.75423934125382,-371.51065536670893,3250.913138540869,116.95723235950227,-5.529346115409722,-11.427886244092537
United States of America,Female,DALYs,1994,1995,1994-1995,399509.91873376287,402529.8924930821,4150.784224578451,-373.400149255341,-757.4103160030112,3019.973759320099,137.44438049398605,-12.36435078626002,-25.080029707726023
United States of America,Female,DALYs,1995,1996,1995-1996,402529.8924930821,406143.00958763267,4171.127671058726,-315.67343941060244,-242.33713709778385,3613.11709455034,115.44402137838358,-8.736872654548957,-6.707148723834626
United States of America,Female,DALYs,1996,1997,1996-1997,406143.00958763267,409566.6020144114,4226.509708193198,-546.2471374650098,-256.67014394996414,3423.5924267782248,123.4524786050704,-15.955378718344,-7.497099886726407
United States of America,Female,DALYs,1997,1998,1997-1998,409566.6020144114,412702.818063011,4245.379959989242,-702.3375947962728,-406.8263165929336,3136.2160486000357,135.36631068144433,-22.394426401516142,-12.971884279928206
United States of America,Female,DALYs,1998,1999,1998-1999,412702.818063011,416024.7804713205,4287.183811725011,-528.526320387978,-436.6950830276376,3321.962408309395,129.05575936083017,-15.9100632525506,-13.145696108279544
United States of America,Female,DALYs,1999,2000,1999-2000,416024.7804713205,419365.43435965606,4236.660965480414,-400.0023590939139,-496.0047180518644,3340.6538883346366,126.82130825568554,-11.973774370661332,-14.847533885024221
United States of America,Female,DALYs,2000,2001,2000-2001,419365.43435965606,424083.0862137199,4811.771513424076,-283.38890245412284,189.26924309529323,4717.651854065247,101.99505309569899,-6.006990579644486,4.011937483945495
United States of America,Female,DALYs,2001,2002,2001-2002,424083.0862137199,429733.421750658,4797.694809412118,-452.88366487718304,1305.5243924017122,5650.335536936647,84.90990982834991,-8.015164089223553,23.105254260873643
United States of America,Female,DALYs,2002,2003,2002-2003,429733.421750658,434172.3812252253,4630.635230882511,-628.3582894412297,436.68253312691616,4438.959474568197,104.31803348087469,-14.155531111316433,9.837497630441755
United States of America,Female,DALYs,2003,2004,2003-2004,434172.3812252253,439625.21112496057,4915.4833574135355,-598.8930055306894,1136.2395478527858,5452.829899735632,90.14554731758369,-10.983159506951159,20.837612189367462
United States of America,Female,DALYs,2004,2005,2004-2005,439625.21112496057,444192.88853158336,5437.758359189514,-930.2247002832397,60.14374771582273,4567.677406622097,119.04865153800039,-20.365376480716975,1.3167249427165746
United States of America,Female,DALYs,2005,2006,2005-2006,444192.88853158336,448865.9940422558,5294.557889425302,-661.8057196375254,40.35334088541761,4673.105510673195,113.29848806821788,-14.162011067928733,0.8635229997108372
United States of America,Female,DALYs,2006,2007,2006-2007,448865.9940422558,452585.8826136049,5158.640626466833,-850.4176550163828,-588.3344001006626,3719.8885713497875,138.67728905102618,-22.861374439175815,-15.815914611850358
United States of America,Female,DALYs,2007,2008,2007-2008,452585.8826136049,456077.1808379885,5105.978793091432,-880.0189493371581,-734.6616193723457,3491.298224381928,146.24871508922314,-25.20606641940334,-21.04264866981979
United States of America,Female,DALYs,2008,2009,2008-2009,456077.1808379885,459212.6063363635,4464.685031441506,-421.51167993296986,-907.7478531326341,3135.425498375902,142.39486901392294,-13.443524017754715,-28.951344996168217
United States of America,Female,DALYs,2009,2010,2009-2010,459212.6063363635,462076.5506884135,4663.697732046159,-525.5465829563327,-1274.2067970391072,2863.9443520507193,162.84177200254368,-18.350446738953448,-44.49132526359023
United States of America,Female,DALYs,2010,2011,2010-2011,462076.5506884135,463088.3917777724,4481.825850508147,-313.5753129305376,-3156.409448221035,1011.8410893565742,442.9377199297295,-30.990569194016317,-311.9471507357132
United States of America,Female,DALYs,2011,2012,2011-2012,463088.3917777724,460931.3756088132,4245.286518470393,-525.804116261764,-5876.498571166788,-2157.0161689581582,-196.8129205318323,24.376456877267085,272.4364636545652
United States of America,Female,DALYs,2012,2013,2012-2013,460931.3756088132,457713.1599625107,4100.653398914718,-780.4547840418043,-6538.414261176056,-3218.2156463031424,-127.42009391524952,24.25116492545598,203.16892898979353
United States of America,Female,DALYs,2013,2014,2013-2014,457713.1599625107,455319.0690010249,4025.742516802847,-657.8119453054194,-5762.021532981317,-2394.0909614838893,-168.15328162417183,27.476480880981182,240.67680074319065
United States of America,Female,DALYs,2014,2015,2014-2015,455319.0690010249,455515.21668237075,4210.790551453023,-856.0341502661371,-3158.60871984247,196.14768134441692,2146.745004881944,-436.4232829054051,-1610.3217219765395
United States of America,Female,DALYs,2015,2016,2015-2016,455515.21668237075,457476.89642824256,3780.721007975721,-602.6166059936222,-1216.4246561098262,1961.6797458722722,192.72875788879605,-30.71941825680956,-62.009339631986464
United States of America,Female,DALYs,2016,2017,2016-2017,457476.89642824256,459199.0151588584,3708.374197621694,-1263.201750530997,-723.0537164735335,1722.1187306171632,215.3378934733906,-73.35160625529565,-41.98628721809498
United States of America,Female,DALYs,2017,2018,2017-2018,459199.0151588584,460668.7205750656,3188.8587020958075,-1208.5719081937568,-510.58137769612944,1469.7054162059212,216.9726441049609,-82.23225517625929,-34.740388928701584
United States of America,Female,DALYs,2018,2019,2018-2019,460668.7205750656,461741.84355559957,3000.080837520373,-1172.5035040528069,-754.4543529324776,1073.1229805350886,279.5654265109904,-109.26086993945134,-70.30455657153908
United States of America,Female,DALYs,2019,2020,2019-2020,461741.84355559957,461187.4528600073,2683.0226981009764,-1323.9470664191178,-1913.4663272740727,-554.3906955922139,-483.95882532532494,238.81119884323542,345.1476264820896
United States of America,Female,DALYs,2020,2021,2020-2021,461187.4528600073,460858.2924548352,1960.0128083148543,-1114.345124438599,-1174.8280890492802,-329.1604051730246,-595.4582560695795,338.54166750488673,356.9165885646928
United States of America,Female,DALYs,2021,2022,2021-2022,460858.2924548352,462100.68789548683,3165.3900329227617,-1483.0575320257922,-439.9370602441777,1242.3954406527919,254.78120164861284,-119.37081250447517,-35.41038914413768
United States of America,Female,DALYs,2022,2023,2022-2023,462100.68789548683,464662.2413069485,3234.7643312416913,-1386.2685068504943,713.0575870698086,2561.5534114610055,126.281353992799,-54.11827450671127,27.836920513912286
China,Female,Incidence,1990,1991,1990-1991,112468.84108020327,114077.48814329015,1773.108111683551,-249.1694369661394,84.70838837318539,1608.647063090597,110.22356316474945,-15.489378788124297,5.265815623374854
China,Female,Incidence,1991,1992,1991-1992,114077.48814329015,115274.29622624205,1476.06803595183,-359.3067760868871,80.04682308249176,1196.8080829474347,123.33372885622973,-30.022088019493122,6.688359163263398
China,Female,Incidence,1992,1993,1992-1993,115274.29622624205,116209.51567464603,1317.2195519977904,-467.17184220138734,85.17173861291667,935.2194484093197,140.8460393160344,-49.95317868934213,9.107139373307746
China,Female,Incidence,1993,1994,1993-1994,116209.51567464603,116979.45410468099,1246.495198916993,-563.3904356023777,86.8336667185431,769.9384300331585,161.89543868635198,-73.17344006041034,11.278001374058375
China,Female,Incidence,1994,1995,1994-1995,116979.45410468099,117567.90411227965,1199.5606488461708,-682.6486715523862,71.53803030322888,588.4500075970136,203.85090209186677,-116.00792977130564,12.157027679438837
China,Female,Incidence,1995,1996,1995-1996,117567.90411227965,117986.43568831547,1146.6852152871895,-785.6307969966413,57.47715774608756,418.53157603663567,273.9781849068458,-187.71123661357203,13.733051706726272
China,Female,Incidence,1996,1997,1996-1997,117986.43568831547,118353.57194118643,1160.1681130798534,-854.170392226195,61.13853201488382,367.1362528685422,316.00478133530066,-232.65759933875054,16.652818003449866
China,Female,Incidence,1997,1998,1997-1998,118353.57194118643,118877.38392957304,1315.5158047301761,-863.4465254933871,71.74270915000186,523.8119883867912,251.14274470533465,-164.83901564616428,13.69627094082961
China,Female,Incidence,1998,1999,1998-1999,118877.38392957304,119733.6793425962,1574.2439276625664,-796.9285994382298,78.9800848007071,856.2954130250437,183.8435548896868,-93.0670172134768,9.223462323790027
China,Female,Incidence,1999,2000,1999-2000,119733.6793425962,120936.74077156157,1854.5131960065385,-729.6888095248312,78.23704248228509,1203.0614289639925,154.1495015432037,-60.65266427444169,6.50316273123795
China,Female,Incidence,2000,2001,2000-2001,120936.74077156157,122465.01714698719,2119.7935721127506,-675.3671205966602,83.8499239038938,1528.276375419984,138.7048577211836,-44.19142580876861,5.486568087585014
China,Female,Incidence,2001,2002,2001-2002,122465.01714698719,124207.42379632703,2290.9200485970264,-637.8546559303674,89.34125667594829,1742.4066493426071,131.48021728804628,-36.60768031222928,5.127463024183009
China,Female,Incidence,2002,2003,2002-2003,124207.42379632703,126149.41088736085,2400.166091297617,-542.4332539837245,84.25425371704719,1941.98709103094,123.59330823478565,-27.9318671318131,4.338558897027439
China,Female,Incidence,2003,2004,2003-2004,126149.41088736085,128270.79202470629,2429.5302063476,-371.7767610133208,63.627692014316075,2121.381137348595,114.5258701311988,-17.52522234066743,2.999352209468641
China,Female,Incidence,2004,2005,2004-2005,128270.79202470629,130432.59832797146,2341.1241023023663,-192.37842690818312,13.060627868774947,2161.806303262958,108.29481340528761,-8.89896687866131,0.6041534733737095
China,Female,Incidence,2005,2006,2005-2006,130432.59832797146,132498.20044996706,2121.154061120166,-24.488625377072218,-31.063313746109394,2065.6021219969844,102.6893823612785,-1.1855441624642158,-1.5038381988142993
China,Female,Incidence,2006,2007,2006-2007,132498.20044996706,134393.08464926033,1898.0718998027587,45.65047245066671,-48.838172955438495,1894.884199297987,100.16822666556367,2.4091431269298256,-2.577369792493492
China,Female,Incidence,2007,2008,2007-2008,134393.08464926033,136081.28048170207,1693.5305772952706,55.383801008443704,-60.71854586814879,1688.1958324355655,100.31600272653255,3.2806502625078346,-3.596652989040374
China,Female,Incidence,2008,2009,2008-2009,136081.28048170207,137452.13498859757,1503.4215876854335,-62.43638893399718,-70.1306918514844,1370.854506899952,109.67039755993277,-4.554559847141673,-5.115837712791113
China,Female,Incidence,2009,2010,2009-2010,137452.13498859757,138483.317303633,1319.3600584836531,-214.7448467627837,-73.43289668447687,1031.1823150363925,127.94634268306766,-20.825109549634288,-7.121233133433371
China,Female,Incidence,2010,2011,2010-2011,138483.317303633,138999.80871876027,1124.4382386763464,-479.5829711792175,-128.36385237704962,516.4914151200792,217.70705296523187,-92.8540063086468,-24.853046656585047
China,Female,Incidence,2011,2012,2011-2012,138999.80871876027,139012.78066878294,930.5229287302645,-724.9181942056748,-192.63278449824426,12.97195002634544,7173.346542658697,-5588.351733805626,-1484.9948088530703
China,Female,Incidence,2012,2013,2012-2013,139012.78066878294,138613.2739970371,745.7123923452939,-935.9049152610047,-209.31414883031783,-399.5066717460286,-186.65830762880293,234.26515286232095,52.39315476648196
China,Female,Incidence,2013,2014,2013-2014,138613.2739970371,137809.86731496983,574.9180312992297,-1212.6944000793835,-165.63031329298488,-803.4066820731387,-71.56002608986162,150.9440271208729,20.615998968988734
China,Female,Incidence,2014,2015,2014-2015,137809.86731496983,136893.25973886228,427.93370680031273,-1274.8561467670029,-69.68513613067141,-916.6075760973617,-46.686686643189795,139.08418171655916,7.602504926630617
China,Female,Incidence,2015,2016,2015-2016,136893.25973886228,135921.74267250637,313.6624499149087,-1355.7889286586967,70.6094123791166,-971.5170663646713,-32.28584044216589,139.5537943282804,-7.267953886114488
China,Female,Incidence,2016,2017,2016-2017,135921.74267250637,134964.74153673777,234.55032148386334,-1348.0626785728139,156.51122132267724,-957.0011357662734,-24.508886428442768,140.8632266139806,-16.354340185537847
China,Female,Incidence,2017,2018,2017-2018,134964.74153673777,134032.7772697437,221.02313445266918,-1325.5273693157505,172.53996787381766,-931.9642669892637,-23.715837857892396,142.22941976068495,-18.51358190279256
China,Female,Incidence,2018,2019,2018-2019,134032.7772697437,133035.17912187683,277.3092739994948,-1488.5078940472838,213.60047217425506,-997.5981478735339,-27.797693348830222,149.20916776160485,-21.411474412774602
China,Female,Incidence,2019,2020,2019-2020,133035.17912187683,132123.269303477,371.7622612860723,-1382.1815828048566,98.5095031340461,-911.9098183847382,-40.767437063521605,151.56998586253943,-10.802548799017819
China,Female,Incidence,2020,2021,2020-2021,132123.269303477,131156.396739243,451.77636864746216,-1347.6189598721053,-71.02997301676321,-966.8725642414065,-46.725533990295716,139.3791705041736,7.346363486122108
China,Female,Incidence,2021,2022,2021-2022,131156.396739243,130343.46187987702,495.65428508240194,-1204.4326776474143,-104.15646680967136,-812.9348593746836,-60.970971950158884,148.1585718410297,12.812400109129213
China,Female,Incidence,2022,2023,2022-2023,130343.46187987702,129940.2080384887,538.6901388661499,-1093.7348813090648,151.79090105884825,-403.2538413840666,-133.58586666334847,271.22739303737245,-37.641526374023975
United States of America,Female,Incidence,1990,1991,1990-1991,31275.829779913412,31300.30513373661,267.5318809251906,-267.74753920430396,24.691012100286876,24.475353821173485,1093.0664491303505,-1093.9475733857507,100.88112425540025
United States of America,Female,Incidence,1991,1992,1991-1992,31300.30513373661,31329.99952736806,282.6943184224759,-265.7194524096054,12.719527620445055,29.694393633315485,952.0124300679719,-894.8472081662,42.834778098228085
United States of America,Female,Incidence,1992,1993,1992-1993,31329.99952736806,31355.515185346754,308.12255826874633,-281.1641438615273,-1.4427564295886746,25.515657977630326,1207.582256114573,-1101.9278597793752,-5.654396335197566
United States of America,Female,Incidence,1993,1994,1993-1994,31355.515185346754,31373.320483882566,299.720925298976,-271.37283342229966,-10.542793341421202,17.805298535255133,1683.3243469943386,-1524.1127964519756,-59.21155054236294
United States of America,Female,Incidence,1994,1995,1994-1995,31373.320483882566,31391.427982853333,324.8304445926763,-284.8832154057842,-21.83973021504486,18.107498971847235,1793.9001134154905,-1573.28859081372,-120.61152260177035
United States of America,Female,Incidence,1995,1996,1995-1996,31391.427982853333,31418.864987760746,323.97920358841594,-235.55047517725203,-60.991723505620634,27.43700490554329,1180.8111151482142,-858.5138064018864,-222.29730874632764
United States of America,Female,Incidence,1996,1997,1996-1997,31418.864987760746,31483.020657999754,325.9225828095138,-153.9628634756603,-107.8040490955294,64.15567023832409,508.0183584689922,-239.98325152511447,-168.03510694387768
United States of America,Female,Incidence,1997,1998,1997-1998,31483.020657999754,31596.246553197594,325.6785707852517,-92.71442534610894,-119.73825024050954,113.22589519863322,287.63611911737223,-81.88447102445883,-105.75164809291341
United States of America,Female,Incidence,1998,1999,1998-1999,31596.246553197594,31752.407789728542,327.71528208711004,-69.98132713097644,-101.57271842334437,156.1612365327892,209.85699739787833,-44.813507298453324,-65.04349009942499
United States of America,Female,Incidence,1999,2000,1999-2000,31752.407789728542,31959.566491476482,323.1140019652503,-66.99606494739419,-48.95923527126251,207.15870174659358,155.97413926666655,-32.34045414580121,-23.633685120865344
United States of America,Female,Incidence,2000,2001,2000-2001,31959.566491476482,32379.65583940685,367.04535054204337,34.29475408114437,18.749243307346354,420.08934793053413,87.37316295930881,8.16368095265661,4.463156088034569
United States of America,Female,Incidence,2001,2002,2001-2002,32379.65583940685,32827.97238832146,366.4078581686693,21.963412896049096,59.94527785217119,448.3165489168896,81.72971955951489,4.8990859135384595,13.371194526946637
United States of America,Female,Incidence,2002,2003,2002-2003,32827.97238832146,33263.33671643867,354.25244319191427,4.390947338494395,76.72093758384169,435.3643281142504,81.36919364210053,1.0085684689679264,17.622237888931547
United States of America,Female,Incidence,2003,2004,2003-2004,33263.33671643867,33729.90002169698,376.8613727229058,22.82461952032463,66.87731301622625,466.5633052594567,80.77389894889666,4.89207343634361,14.33402761475973
United States of America,Female,Incidence,2004,2005,2004-2005,33729.90002169698,34133.65937380946,417.5340364359896,-39.86947728625576,26.09479296190208,403.75935211163596,103.41160749647356,-9.874564410147011,6.462956913673444
United States of America,Female,Incidence,2005,2006,2005-2006,34133.65937380946,34512.449027246235,406.97248286670464,-14.202412518248217,-13.980416910785909,378.7896534376705,107.44023211121622,-3.749419338505034,-3.6908127727111677
United States of America,Female,Incidence,2006,2007,2006-2007,34512.449027246235,34825.10859232705,396.7902069411587,-46.86613021291365,-37.26451164888446,312.6595650793606,126.90806591522113,-14.989507901675065,-11.91855801354608
United States of America,Female,Incidence,2007,2008,2007-2008,34825.10859232705,35095.14874853458,392.90001312968525,-69.24938580653907,-53.6104711154876,270.0401562076586,145.4968841106537,-25.64410670585114,-19.852777404802566
United States of America,Female,Incidence,2008,2009,2008-2009,35095.14874853458,35342.77639927062,343.58940045415875,-36.84767503068724,-59.1140746883866,247.6276507350849,138.75243715078287,-14.880274848670812,-23.872162302112038
United States of America,Female,Incidence,2009,2010,2009-2010,35342.77639927062,35543.09823158608,358.8363787473997,-95.80190741183591,-62.712639017370144,200.32183231819363,179.12994035388996,-47.823997166550974,-31.305943187338976
United States of America,Female,Incidence,2010,2011,2010-2011,35543.09823158608,35607.11819292128,344.67775083237456,-95.33159493948308,-185.3261945596617,64.01996133322973,538.3910637469703,-148.90917294259745,-289.4818908043727
United States of America,Female,Incidence,2011,2012,2011-2012,35607.11819292128,35466.95946601528,326.54012669339374,-106.10495887919144,-360.5938947184744,-140.15872690427204,-232.97880474928942,75.70342655271176,257.2753781965777
United States of America,Female,Incidence,2012,2013,2012-2013,35466.95946601528,35216.306675099695,315.51523557452555,-144.97296250573828,-421.19506398560156,-250.6527909168144,-125.87740771625296,57.838160100061,168.03924761619191
United States of America,Female,Incidence,2013,2014,2013-2014,35216.306675099695,35011.82211040558,309.64823101190024,-145.46908965223946,-368.6637060544842,-204.48456469482335,-151.42865745100377,71.13939864817684,180.28925880282696
United States of America,Female,Incidence,2014,2015,2014-2015,35011.82211040558,34941.351633816645,323.3928847618784,-191.54281877004783,-202.32054257799126,-70.47047658616066,-458.9054884090111,271.8057661152017,287.09972229380946
United States of America,Female,Incidence,2015,2016,2015-2016,34941.351633816645,34984.18569818924,289.5637825467408,-179.5474926061482,-67.18222557151724,42.83406436907535,676.0128575512797,-419.16987157486517,-156.84298597641455
United States of America,Female,Incidence,2016,2017,2016-2017,34984.18569818924,34998.06942882679,283.1113175199704,-231.16340237824383,-38.064184503587356,13.883730638139241,2039.1588176037549,-1664.994866316604,-274.16395128715124
United States of America,Female,Incidence,2017,2018,2017-2018,34998.06942882679,34988.797861533065,242.62145126990677,-224.18413364064082,-27.708884921835608,-9.27156729256967,-2616.8332021312735,2417.974508153592,298.8586939776815
United States of America,Female,Incidence,2018,2019,2018-2019,34988.797861533065,34979.419089032075,227.5685439808658,-218.3475177408327,-18.599798741277482,-9.378772501244384,-2426.4214101650487,2328.1033601344116,198.3180500306372
United States of America,Female,Incidence,2019,2020,2019-2020,34979.419089032075,34948.58132044505,203.28618696213502,-219.88490799984967,-14.239047546251335,-30.837768583965953,-659.2117273616009,713.0376745682515,46.17405279334934
United States of America,Female,Incidence,2020,2021,2020-2021,34948.58132044505,34890.00464025385,148.45736634660352,-169.92918822159118,-37.104858319125924,-58.57668019411358,-253.44107220593585,290.0969936474268,63.34407855850906
United States of America,Female,Incidence,2021,2022,2021-2022,34890.00464025385,34956.119255394726,239.54454541440643,-139.33318928831795,-34.09674098645701,66.1146151396315,362.3170836107836,-210.74491471220347,-51.572168898580166
United States of America,Female,Incidence,2022,2023,2022-2023,34956.119255394726,35354.91069113944,245.41244122048133,-115.81981861496266,269.198813138469,398.7914357439877,61.539045030552984,-29.04270459040539,67.50365955985241
China,Female,Prevalence,1990,1991,1990-1991,1539185.4777092482,1578931.5546440906,24403.23647778062,15672.162945359481,-329.3224883028306,39746.07693483727,61.39784944760495,39.43071657374793,-0.8285660213528667
China,Female,Prevalence,1991,1992,1991-1992,1578931.5546440906,1616518.67206663,20564.313151436316,17145.413786661848,-122.60951556214907,37587.117422536016,54.711067412439085,45.61513348821481,-0.3262009006538937
China,Female,Prevalence,1992,1993,1992-1993,1616518.67206663,1652460.1717068928,18600.733245646075,17232.902604274765,107.86379034627075,35941.49964026711,51.752802280978614,47.94708839852597,0.3001093204954236
China,Female,Prevalence,1993,1994,1993-1994,1652460.1717068928,1686674.5822832817,17848.385531069787,16061.012122263512,305.0129230556389,34214.41057638894,52.16628090441751,46.94224407696526,0.8914750186172303
China,Female,Prevalence,1994,1995,1994-1995,1686674.5822832817,1718829.6304234315,17416.33244393234,14418.61808719618,320.09760902290384,32155.048140151426,54.1636024552701,44.84091587843687,0.9954816662930253
China,Female,Prevalence,1995,1996,1995-1996,1718829.6304234315,1749961.5357985722,16885.496132011176,13564.452069479274,681.9571736509679,31131.905375141418,54.238556646436784,43.57090228184486,2.190541071718358
China,Female,Prevalence,1996,1997,1996-1997,1749961.5357985722,1781217.3867898646,17333.417339699226,12572.268410329358,1350.1652412666008,31255.850991295185,55.45655226129219,40.223727755263354,4.3197199834444575
China,Female,Prevalence,1997,1998,1997-1998,1781217.3867898646,1813113.120112877,19930.69507119246,10279.132559964783,1685.9056918529097,31895.73332301015,62.487025676296646,32.22729653482911,5.285677788874248
China,Female,Prevalence,1998,1999,1998-1999,1813113.120112877,1845395.5360732144,24136.09712092714,6615.8813365704455,1530.4375028308325,32282.41596032842,74.76546101936044,20.493761509983155,4.74077747065639
China,Female,Prevalence,1999,2000,1999-2000,1845395.5360732144,1877330.816111812,28684.91892345067,2486.91255103463,763.448564126195,31935.280038611498,89.8220365964195,7.787351631261153,2.3906117723193407
China,Female,Prevalence,2000,2001,2000-2001,1877330.816111812,1908855.9028104122,32973.21585688181,-1159.4178943337176,-288.711263957317,31525.086698590778,104.59357708397918,-3.6777627462815055,-0.9158143376976751
China,Female,Prevalence,2001,2002,2001-2002,1908855.9028104122,1940859.8143270733,35752.66796768608,-2875.705064905924,-873.0513861172367,32003.91151666292,111.7134321192938,-8.985479988621643,-2.727952130672153
China,Female,Prevalence,2002,2003,2002-2003,1940859.8143270733,1974576.9767227755,37536.50502428199,-2808.068071689146,-1011.274556895524,33717.16239569732,111.32759211395577,-8.328304851797038,-2.9992872621587328
China,Female,Prevalence,2003,2004,2003-2004,1974576.9767227755,2010308.173894546,38052.31977505023,-1556.2752423731533,-764.8473608961019,35731.19717178098,106.4960672661211,-4.355508254848609,-2.1405590112724986
China,Female,Prevalence,2004,2005,2004-2005,2010308.173894546,2047614.233328822,36721.63967064831,1033.5360825582563,-449.1163189351404,37306.05943427142,98.43344547109622,2.7704241569099968,-1.2038696280062138
China,Female,Prevalence,2005,2006,2005-2006,2047614.233328822,2085761.1939890627,33345.14451766736,4659.431809028378,142.3843335462734,38146.96066024201,87.41232313278563,12.214424762506932,0.3732521047074425
China,Female,Prevalence,2006,2007,2006-2007,2085761.1939890627,2124406.4894965645,29941.587801531852,8066.8708661279725,636.8368398394281,38645.29550749925,77.47796312159545,20.874134251509524,1.6479026268950323
China,Female,Prevalence,2007,2008,2007-2008,2124406.4894965645,2163572.599095393,26848.20997716137,11444.339939984726,873.5596816851756,39166.10959883127,68.5495961997781,29.220006932540034,2.2303968676818564
China,Female,Prevalence,2008,2009,2008-2009,2163572.599095393,2202481.3398691313,23996.75905497085,14156.26776852195,755.7139502427696,38908.74077373557,61.674468455605485,36.38325858666134,1.9422729577331797
China,Female,Prevalence,2009,2010,2009-2010,2202481.3398691313,2239826.8893630053,21240.062243479693,15762.164490175355,343.322760214253,37345.5494938693,56.87441350131023,42.20627277893687,0.9193137197529075
China,Female,Prevalence,2010,2011,2010-2011,2239826.8893630053,2274181.667622182,18291.590738290535,16002.880300107026,60.3072207866547,34354.77825918421,53.2432216569483,46.58123588915584,0.17554245389586387
China,Female,Prevalence,2011,2012,2011-2012,2274181.667622182,2305828.605649266,15329.166132344633,16032.054385028316,285.7175097002182,31646.938027073164,48.43807043585359,50.659101273283675,0.9028282908627496
China,Female,Prevalence,2012,2013,2012-2013,2305828.605649266,2335121.264506878,12465.44878248079,16407.76952919783,419.4405459407717,29292.65885761939,42.55485595578965,56.013247581757035,1.431896462453322
China,Female,Prevalence,2013,2014,2013-2014,2335121.264506878,2361110.838489693,9767.262988169987,15839.65251276999,382.6584818710884,25989.573982811067,37.581466301178466,60.94617989215979,1.4723538066617416
China,Female,Prevalence,2014,2015,2014-2015,2361110.838489693,2383807.110972786,7391.555042029358,15190.011256374886,114.70618469035252,22696.272483094595,32.567264283309015,66.92733913768978,0.5053965790012076
China,Female,Prevalence,2015,2016,2015-2016,2383807.110972786,2402087.7746184887,5502.435030599823,12484.620083726943,293.6085313868243,18280.66364571359,30.099755332952707,68.29412939094424,1.6061152761030588
China,Female,Prevalence,2016,2017,2016-2017,2402087.7746184887,2416940.6143945702,4172.617397228799,10054.569490411863,625.6528884394404,14852.839776080102,28.093061395226457,67.69459337065186,4.212345234121687
China,Female,Prevalence,2017,2018,2017-2018,2416940.6143945702,2429757.6609668853,3982.3311749442946,8418.84955766797,415.8658396971877,12817.046572309453,31.07058363623262,65.68478557186839,3.2446307918989987
China,Female,Prevalence,2018,2019,2018-2019,2429757.6609668853,2440458.4369422863,5056.983285904008,4278.2954598686965,1365.4972296260144,10700.77597539872,47.258098828814894,39.981170241341154,12.760730929843943
China,Female,Prevalence,2019,2020,2019-2020,2440458.4369422863,2450449.4437205875,6857.214011384484,2921.0495846749595,212.74318224129578,9991.00677830074,68.63386406941015,29.236789139400113,2.129346791189736
China,Female,Prevalence,2020,2021,2020-2021,2450449.4437205875,2457956.5053715175,8422.493350452665,-1017.8117646608346,102.38006513953829,7507.0616509313695,112.19427443236358,-13.55805789252522,1.3637834601616257
China,Female,Prevalence,2021,2022,2021-2022,2457956.5053715175,2463276.0371070085,9327.754351454787,-3724.2246680683456,-283.9979478889145,5319.531735497527,175.3491625815515,-70.01038537314083,-5.3387772084106695
China,Female,Prevalence,2022,2023,2022-2023,2463276.0371070085,2465013.7576078335,10200.015771748343,-6205.154162431059,-2257.1411084946403,1737.7205008226447,586.9767760073964,-357.0858581396439,-129.8909178677526
United States of America,Female,Prevalence,1990,1991,1990-1991,624851.7298002982,631369.5693483765,5370.685039113858,1761.5680641776416,-614.4135552111547,6517.839548080345,82.39977372096632,27.026870655268958,-9.426644376235279
United States of America,Female,Prevalence,1991,1992,1991-1992,631369.5693483765,637119.3201423319,5725.525245072688,635.7309591272109,-611.5054102458913,5749.750793954008,99.57866784579961,11.056669791596816,-10.635337637396441
United States of America,Female,Prevalence,1992,1993,1992-1993,637119.3201423319,642380.4488635843,6289.154199457397,-262.260662793337,-765.7648154124423,5261.128721251618,119.54001760217743,-4.984874476345172,-14.555143125832274
United States of America,Female,Prevalence,1993,1994,1993-1994,642380.4488635843,647791.5676182635,6164.426503413048,-158.8973829001382,-594.4103658334546,5411.118754679454,113.92147877150441,-2.936497794706985,-10.984980976797406
United States of America,Female,Prevalence,1994,1995,1994-1995,647791.5676182635,653510.7750654957,6734.605076251939,-457.4827406977032,-557.914888319928,5719.207447234308,117.75416678597061,-7.999058347130466,-9.755108438840145
United States of America,Female,Prevalence,1995,1996,1995-1996,653510.7750654957,659084.2360360649,6770.344472384798,-389.8073287147369,-807.0761731015905,5573.460970568471,121.47469064799515,-6.99399046253621,-14.480700185458947
United States of America,Female,Prevalence,1996,1997,1996-1997,659084.2360360649,663940.434167015,6855.137890887855,-729.6817214858601,-1269.2580384528264,4856.1981309491675,141.16264835240537,-15.025781523111789,-26.136866829293552
United States of America,Female,Prevalence,1997,1998,1997-1998,663940.434167015,668505.662732733,6879.430836478792,-963.7030902243956,-1350.4991805371635,4565.228565717232,150.6919256604183,-21.109635067592514,-29.582290592825768
United States of America,Female,Prevalence,1998,1999,1998-1999,668505.662732733,673549.3217841944,6942.727162911886,-681.0225560242737,-1218.045555426351,5043.659051461262,137.65258698246905,-13.502549420484048,-24.150037561985
United States of America,Female,Prevalence,1999,2000,1999-2000,673549.3217841944,679357.8214451422,6861.226899566382,-460.64823851208587,-592.0790001047233,5808.499660949572,118.12390978851688,-7.930589057429319,-10.193320731087558
United States of America,Female,Prevalence,2000,2001,2000-2001,679357.8214451422,687172.8042523838,7795.879491507501,-343.51618612660485,362.6195018603661,7814.982807241264,99.75555524298709,-4.3956102604385405,4.640055017451445
United States of America,Female,Prevalence,2001,2002,2001-2002,687172.8042523838,695368.8878798585,7768.694518765726,-569.5709926830023,996.9601013904902,8196.083627473214,94.78544719486655,-6.949306749064936,12.163859554198385
United States of America,Female,Prevalence,2002,2003,2002-2003,695368.8878798585,703303.2878313512,7497.023147003571,-823.8185052315628,1261.1953097228736,7934.399951494881,94.48758813312774,-10.382870919890435,15.895282786762698
United States of America,Female,Prevalence,2003,2004,2003-2004,703303.2878313512,711547.9721082328,7959.141013583304,-797.3606442683765,1082.9039075648373,8244.684276879765,96.53663798749457,-9.671208957077747,13.134570969583164
United States of America,Female,Prevalence,2004,2005,2004-2005,711547.9721082328,719252.5631525548,8803.119668016889,-1282.6628030701736,184.13417937703588,7704.591044323752,114.25810425723326,-16.648032266620525,2.3899280093872615
United States of America,Female,Prevalence,2005,2006,2005-2006,719252.5631525548,726458.8797320337,8571.002461029293,-897.8147069437351,-466.87117460827966,7206.316579477279,118.93735678277686,-12.45871863998597,-6.478638142790902
United States of America,Female,Prevalence,2006,2007,2006-2007,726458.8797320337,732644.5649850216,8349.829451047097,-1141.8141441378004,-1022.330053919771,6185.685252989526,134.9863290734304,-18.458975803626036,-16.52735326980437
United States of America,Female,Prevalence,2007,2008,2007-2008,732644.5649850216,738259.6054114518,8265.349260892039,-1165.852195418886,-1484.4566390458883,5615.040426427266,147.2001736976115,-20.763024072485507,-26.437149625125986
United States of America,Female,Prevalence,2008,2009,2008-2009,738259.6054114518,743447.2283159279,7227.586303244771,-463.314652677315,-1576.6487460890007,5187.622904478456,139.3236639657293,-8.931155197833235,-30.392508767896096
United States of America,Female,Prevalence,2009,2010,2009-2010,743447.2283159279,748404.9438932331,7551.967114160031,-571.5911756882367,-2022.660361167548,4957.715577304247,152.3275588606155,-11.52932568993881,-40.798233170676724
United States of America,Female,Prevalence,2010,2011,2010-2011,748404.9438932331,750458.4554215715,7261.013352500838,-263.4934080717697,-4944.008416088784,2053.5115283402847,353.59009444516863,-12.831357624991456,-240.75873682017715
United States of America,Female,Prevalence,2011,2012,2011-2012,750458.4554215715,747915.4103359134,6884.051351799223,-604.1541204793612,-8822.94231698144,-2543.045085661579,-270.7011130323048,23.75711401601789,346.94399901628685
United States of America,Female,Prevalence,2012,2013,2012-2013,747915.4103359134,743495.5603738216,6657.351864971123,-1012.1307857489251,-10065.071041312922,-4419.849962090724,-150.62393343827426,22.89966388972526,227.72426954854902
United States of America,Female,Prevalence,2013,2014,2013-2014,743495.5603738216,740502.3775013384,6543.235511187987,-832.6764600571479,-8703.74192361295,-2993.18287248211,-218.60460218930695,27.819097446814112,290.7855047424929
United States of America,Female,Prevalence,2014,2015,2014-2015,740502.3775013384,741449.1967054267,6851.045354563859,-1116.6874951651553,-4787.538655311568,946.8192040871363,723.5853819810518,-117.94094272113918,-505.6444392599126
United States of America,Female,Prevalence,2015,2016,2015-2016,741449.1967054267,745395.8953086608,6157.04319008987,-740.3528451176244,-1469.9917417361287,3946.6986032361165,156.00489951377008,-18.758788535576752,-37.2461109781933
United States of America,Female,Prevalence,2016,2017,2016-2017,745395.8953086608,748870.199642225,6044.971034128257,-1796.1288606380306,-774.5378399266824,3474.304333563545,173.99083251662114,-51.697510873947145,-22.293321642673998
United States of America,Female,Prevalence,2017,2018,2017-2018,748870.199642225,751839.3284998818,5202.427967797403,-1707.193879210953,-526.1052309312314,2969.128857655218,175.217318520351,-57.49814039930753,-17.719178121043473
United States of America,Female,Prevalence,2018,2019,2018-2019,751839.3284998818,754824.2156205924,4900.318324005872,-1641.9912281411234,-273.4399751497549,2984.887120714993,164.17097618190869,-55.01016158184918,-9.160814600059506
United States of America,Female,Prevalence,2019,2020,2019-2020,754824.2156205924,757231.0045221467,4395.631124132041,-1874.0436834438394,-114.79853913657523,2406.7889015516266,182.63467648941844,-77.86489634531999,-4.7697801440984735
United States of America,Female,Prevalence,2020,2021,2020-2021,757231.0045221467,758780.9252848108,3222.614876642299,-1602.7043132587569,-69.98980071983533,1549.9207626637071,207.92126631711707,-103.40556445636199,-4.515701860755144
United States of America,Female,Prevalence,2021,2022,2021-2022,758780.9252848108,761290.1580790987,5213.257420565215,-2228.4123275542124,-475.612298721176,2509.2327942898264,207.76300359332316,-88.80851281018377,-18.954490783139384
United States of America,Female,Prevalence,2022,2023,2022-2023,761290.1580790987,766467.9634766134,5332.452618054657,-2101.798080478019,1947.1508599379647,5177.805397514603,102.98673296246874,-40.59245025869266,37.605717296223915
China,Male,DALYs,1990,1991,1990-1991,1244646.2134439577,1280536.8183233358,21367.35502445302,12093.07057670923,2430.179278216092,35890.60487937834,59.53467515040421,33.69425123190817,6.771073617687619
China,Male,DALYs,1991,1992,1991-1992,1280536.8183233358,1314731.765824146,17867.757349271018,13284.882887998285,3042.3072635379312,34194.94750080723,52.25262401367692,38.850426331798495,8.896949654524581
China,Male,DALYs,1992,1993,1992-1993,1314731.765824146,1346751.192328785,15488.167340415375,13438.724371200624,3092.5347930288017,32019.426504644798,48.371157859959276,41.970534260665715,9.65830787937502
China,Male,DALYs,1993,1994,1993-1994,1346751.192328785,1374087.4445607243,13854.859447943512,12291.088466578629,1190.304317412898,27336.25223193504,50.68309777943095,44.96259531955813,4.354306901010916
China,Male,DALYs,1994,1995,1994-1995,1374087.4445607243,1399694.350180903,12470.92261209044,10978.174594711125,2157.8084133782736,25606.905620179838,48.70140421130219,42.871929773739005,8.426666014958817
China,Male,DALYs,1995,1996,1995-1996,1399694.350180903,1421425.9701908142,11218.389249630814,9884.282433153672,628.9483271304828,21731.620009914972,51.622425040160216,45.48341278121008,2.894162178629699
China,Male,DALYs,1996,1997,1996-1997,1421425.9701908142,1439119.1584823935,10863.496177768722,8851.632645529851,-2021.9405317267713,17693.1882915718,61.39931367227679,50.0284770594249,-11.427790731701691
China,Male,DALYs,1997,1998,1997-1998,1439119.1584823935,1454987.5587233887,12393.384036430856,6839.465549228946,-3364.4493446643464,15868.400240995456,78.10103002325958,43.1011661248588,-21.202196148118382
China,Male,DALYs,1998,1999,1998-1999,1454987.5587233887,1473665.4843925603,15388.325107161616,3628.541936322426,-338.94137431009824,18677.925669173943,82.38776285826276,19.42689997054102,-1.8146628288037747
China,Male,DALYs,1999,2000,1999-2000,1473665.4843925603,1492610.5119141333,18870.519322748063,377.40205744910054,-302.8938586250879,18945.027521572076,99.60671369445532,1.9920903098154137,-1.598804004270739
China,Male,DALYs,2000,2001,2000-2001,1492610.5119141333,1512780.593772561,22386.474948847008,-2557.582779390233,341.18968897142133,20170.081858428195,110.98851807332989,-12.680081307263169,1.6915632339332975
China,Male,DALYs,2001,2002,2001-2002,1512780.593772561,1534568.284461788,24663.948080763028,-4021.3863856463768,1145.1289941067032,21787.690689223353,113.2012953211344,-18.457148318318282,5.2558529971839
China,Male,DALYs,2002,2003,2002-2003,1534568.284461788,1556875.7431873507,26151.177641984385,-4195.926348811404,352.2074323958562,22307.45872556884,117.23064452881793,-18.809521964965143,1.5788774361472002
China,Male,DALYs,2003,2004,2003-2004,1556875.7431873507,1581930.903337319,26687.788856718027,-3535.842038855383,1903.2133321067474,25055.160149969393,106.51613758194489,-14.112230844629835,7.596093262684942
China,Male,DALYs,2004,2005,2004-2005,1581930.903337319,1606185.6418367366,25749.748411305558,-1587.4459149694694,92.4360030834408,24254.73849941953,106.1637849112321,-6.544889836711537,0.38110492547941915
China,Male,DALYs,2005,2006,2005-2006,1606185.6418367366,1630363.9571437403,23063.375165960868,1126.323395853513,-11.383254807209596,24178.31530700717,95.38867730489403,4.658403125080806,-0.04708042997483199
China,Male,DALYs,2006,2007,2006-2007,1630363.9571437403,1654124.7690682025,20450.162016155507,3567.686626725442,-257.03671841711423,23760.811924463836,86.0667643898998,15.015003014489569,-1.081767404389378
China,Male,DALYs,2007,2008,2007-2008,1654124.7690682025,1679429.5976471468,18260.731031842606,5980.026232106689,1064.0713149850103,25304.828578934306,72.16302997224905,23.631957092508916,4.205012935242033
China,Male,DALYs,2008,2009,2008-2009,1679429.5976471468,1702818.4851294102,16388.126255601295,7728.751005221043,-727.9897785605864,23388.88748226175,70.06800245642351,33.0445431022855,-3.112545558709013
China,Male,DALYs,2009,2010,2009-2010,1702818.4851294102,1725593.5600454104,14595.210515031476,8955.790050199023,-775.9256492248968,22775.0749160056,64.08413833481806,39.32276878661408,-3.406907121432127
China,Male,DALYs,2010,2011,2010-2011,1725593.5600454104,1745188.5268977026,12637.713102373993,8831.15045411745,-1873.8967041976284,19594.966852293815,64.49468987437763,45.068463349217986,-9.563153223595616
China,Male,DALYs,2011,2012,2011-2012,1745188.5268977026,1764832.1885143295,10845.008889841303,8586.965256954581,211.68746983030968,19643.661616626196,55.20869327469069,43.71366919539411,1.0776375299151943
China,Male,DALYs,2012,2013,2012-2013,1764832.1885143295,1782032.8835870018,9320.274169625132,8612.456783809466,-732.0358807629674,17200.69507267163,54.18545082188645,50.070399756652215,-4.2558505785386656
China,Male,DALYs,2013,2014,2013-2014,1782032.8835870018,1797115.1588638758,8045.236270632595,8117.049477399211,-1080.0104711641325,15082.275276867673,53.34232483458193,53.818467892895946,-7.160792727477866
China,Male,DALYs,2014,2015,2014-2015,1797115.1588638758,1810970.6759900576,6962.122017140113,7701.009205946195,-807.6140968955976,13855.517126190709,50.24801278603887,55.58081402381717,-5.828826809856029
China,Male,DALYs,2015,2016,2015-2016,1810970.6759900576,1824132.720135082,6010.870588852868,5685.430398438553,1465.743157724811,13162.044145016233,45.6682147744419,43.195649063305446,11.136136162252654
China,Male,DALYs,2016,2017,2016-2017,1824132.720135082,1835739.3577328979,5241.458433867277,3946.661842847786,2418.5173211121773,11606.63759782724,45.15914613245507,34.003489896045345,20.837363971499578
China,Male,DALYs,2017,2018,2017-2018,1835739.3577328979,1845836.0006065546,5258.649718233268,2764.326769578038,2073.6663858402753,10096.64287365158,52.08315064759153,27.378672338623417,20.53817701378505
China,Male,DALYs,2018,2019,2018-2019,1845836.0006065546,1855295.406473646,6220.343126550084,-140.5425608124351,3379.60530135606,9459.405867093708,65.75828560426503,-1.4857440603255896,35.72745845606056
China,Male,DALYs,2019,2020,2019-2020,1855295.406473646,1862247.677274943,7547.594045077063,-945.6664068801715,350.34316309816984,6952.270801295061,108.56300424418315,-13.602266567407213,5.039262323224065
China,Male,DALYs,2020,2021,2020-2021,1862247.677274943,1864216.9029178205,8196.100374537753,-3391.8686210102164,-2835.0061106494395,1969.2256428780966,416.2093056313672,-172.2437768001474,-143.96552883121979
China,Male,DALYs,2021,2022,2021-2022,1864216.9029178205,1865225.2578327723,8022.03206889118,-5094.956222662158,-1918.7209312755538,1008.3549149534665,795.5564008195844,-505.27410013142844,-190.2823006881559
China,Male,DALYs,2022,2023,2022-2023,1865225.2578327723,1863678.7738647286,8533.486819656138,-6867.261076418645,-3212.7097112872484,-1546.4839680497535,-551.7992424077687,444.05640267185174,207.74283973591696
United States of America,Male,DALYs,1990,1991,1990-1991,385181.7982555,390279.1864436802,3832.0677995587953,1330.003551377352,-64.68316275586646,5097.388188180281,75.17708399067027,26.091863171444093,-1.2689471621143638
United States of America,Male,DALYs,1991,1992,1991-1992,390279.1864436802,394989.1866291164,4158.031919239351,534.2508454757917,17.717420721251983,4710.0001854363945,88.28092899223735,11.342904977535408,0.37616603022724543
United States of America,Male,DALYs,1992,1993,1992-1993,394989.1866291164,399174.04630092636,4384.796543148541,-9.27941870885358,-190.65745262933586,4184.859671810351,104.77762426981687,-0.22173787024116262,-4.555886399575695
United States of America,Male,DALYs,1993,1994,1993-1994,399174.04630092636,403808.7591408735,4514.128938157965,-47.637397636358706,168.22129942425332,4634.71283994586,97.39824437991928,-1.0278392487616381,3.629594868842368
United States of America,Male,DALYs,1994,1995,1994-1995,403808.7591408735,408463.9814898225,4883.443343549375,-257.88230985188665,29.6613152519761,4655.2223489494645,104.90247248128573,-5.53963464086914,0.637162159583413
United States of America,Male,DALYs,1995,1996,1995-1996,408463.9814898225,413173.35368884285,4927.7298078805425,-305.31116326909006,86.95355440907103,4709.372199020523,104.63666067645777,-6.48305443627051,1.846393759812742
United States of America,Male,DALYs,1996,1997,1996-1997,413173.35368884285,417451.9307768564,4982.5244731120565,-657.38991296238,-46.55747213638581,4278.577088013291,116.45283865682633,-15.364685488642944,-1.088153168183403
United States of America,Male,DALYs,1997,1998,1997-1998,417451.9307768564,421267.25297569134,4971.629598555281,-889.2692642186207,-267.0381355002367,3815.322198836424,130.30693974080359,-23.307841851202635,-6.99909788960095
United States of America,Male,DALYs,1998,1999,1998-1999,421267.25297569134,425629.6993242225,4860.57814268243,-690.7894227303137,192.6576285767272,4362.446348528843,111.41863427894242,-15.834909304117172,4.416275025174752
United States of America,Male,DALYs,1999,2000,1999-2000,425629.6993242225,429714.0092277234,4835.216293426996,-672.5104130462762,-78.39597687924591,4084.3099035014748,118.38514725050052,-16.465704829835115,-1.9194424206654133
United States of America,Male,DALYs,2000,2001,2000-2001,429714.0092277234,435039.5123146445,5999.717760795989,-708.2445294088975,34.02985553530743,5325.503086922399,112.66011234749313,-13.299110297168019,0.6389979496748961
United States of America,Male,DALYs,2001,2002,2001-2002,435039.5123146445,439971.6344498752,5714.730808551336,-951.0628328094318,168.45415948907612,4932.12213523098,115.867585024508,-19.283034903288986,3.4154498787809744
United States of America,Male,DALYs,2002,2003,2002-2003,439971.6344498752,444176.1242906846,5247.390183276158,-1144.6801906299856,101.77984816360794,4204.48984080978,124.80444434289599,-27.225186264441575,2.4207419215455936
United States of America,Male,DALYs,2003,2004,2003-2004,444176.1242906846,449164.34912491887,5670.73259311829,-1201.7243782133253,519.216619328615,4988.224834233581,113.68237763063007,-24.091223193590572,10.408845562960485
United States of America,Male,DALYs,2004,2005,2004-2005,449164.34912491887,453670.5497947073,5858.61428299488,-1408.6948723162639,56.28125910978997,4506.200669788406,130.01228112795027,-31.261254780790992,1.248973652840736
United States of America,Male,DALYs,2005,2006,2005-2006,453670.5497947073,458187.5797678711,5792.829924125185,-1226.7672427540917,-49.03270820805725,4517.029973163037,128.24422150266966,-27.15871380182699,-1.0855077008426899
United States of America,Male,DALYs,2006,2007,2006-2007,458187.5797678711,462003.39764232043,5483.681395701191,-1451.446150281961,-216.41737096893482,3815.8178744502948,143.7092014380054,-38.03761599840652,-5.671585439598891
United States of America,Male,DALYs,2007,2008,2007-2008,462003.39764232043,465986.34391132684,5323.1405261563095,-1421.1318192217248,80.93756207130113,3982.9462690058863,133.64831375154165,-35.68041653688763,2.032102785345948
United States of America,Male,DALYs,2008,2009,2008-2009,465986.34391132684,469678.75718803896,4931.736986225384,-1067.952790000505,-171.37091951241018,3692.4132767124684,133.5640573423662,-28.922894323231183,-4.641163019135005
United States of America,Male,DALYs,2009,2010,2009-2010,469678.75718803896,473017.49547685904,4936.937370225302,-972.5067665387953,-625.6923148655526,3338.738288820954,147.8683545444569,-29.12797237791967,-18.740382166537238
United States of America,Male,DALYs,2010,2011,2010-2011,473017.49547685904,476015.77460049343,4915.335659685729,-679.5083393247527,-1237.5481967269347,2998.2791236340418,163.9385613214067,-22.663278210774443,-41.275283110632266
United States of America,Male,DALYs,2011,2012,2011-2012,476015.77460049343,477825.01705970673,4934.830343084002,-929.9358446683327,-2195.652039202483,1809.2424592131865,272.7567174844044,-51.3991831184831,-121.35753436592134
United States of America,Male,DALYs,2012,2013,2012-2013,477825.01705970673,479277.6956275405,4879.899826611712,-1089.5373727343394,-2337.6838860443386,1452.6785678330343,335.9242667076087,-75.00195823495945,-160.92230847264923
United States of America,Male,DALYs,2013,2014,2013-2014,479277.6956275405,481228.60145308054,5020.365860690111,-945.5177458414886,-2123.9422893087226,1950.9058255398995,257.33512068942434,-48.46557601414836,-108.86954467527598
United States of America,Male,DALYs,2014,2015,2014-2015,481228.60145308054,483823.3106485759,5248.601978191892,-1092.7971632527865,-1561.0956194431733,2594.7091954959324,202.28093334323407,-42.11636375859523,-60.16456958463886
United States of America,Male,DALYs,2015,2016,2015-2016,483823.3106485759,486866.683868926,5028.462805788876,-855.7572635189573,-1129.3323219191516,3043.373220350768,165.2266232798524,-28.1187091282983,-37.10791415155414
United States of America,Male,DALYs,2016,2017,2016-2017,486866.683868926,489079.0756203632,4715.803554553015,-1318.5618926034367,-1184.8499105131777,2212.3917514364,213.15409223937257,-59.59893367652259,-53.55515856284997
United States of America,Male,DALYs,2017,2018,2017-2018,489079.0756203632,490595.56597578776,4167.082443749727,-1260.3620568123104,-1390.2300315132402,1516.4903554241755,274.7846320845316,-83.1104564763141,-91.6741756082175
United States of America,Male,DALYs,2018,2019,2018-2019,490595.56597578776,492365.5219672235,3901.93205291092,-1202.8322655073327,-929.1437959655789,1769.955991438008,220.4536198519139,-67.95831485787886,-52.49530499403504
United States of America,Male,DALYs,2019,2020,2019-2020,492365.5219672235,492645.72772860096,3275.0529282985467,-1339.3400105462836,-1655.5071563767754,280.2057613754878,1168.8028512411045,-477.9844654055882,-590.8183858355162
United States of America,Male,DALYs,2020,2021,2020-2021,492645.72772860096,495549.59852475557,2400.8992053107745,-1166.4691368914112,1669.440727734948,2903.8707961543114,82.67927100924607,-40.169457209880115,57.49018620063406
United States of America,Male,DALYs,2021,2022,2021-2022,495549.59852475557,499857.56240394484,3826.5555062428953,-1467.3697843180948,1948.7781572667493,4307.9638791915495,88.82515298528925,-34.061794050916404,45.236641065627154
United States of America,Male,DALYs,2022,2023,2022-2023,499857.56240394484,497975.76444955164,4310.7501808486895,-1489.2148196476726,-4703.333315596664,-1881.7979543956462,-229.07614341801747,79.13787004439301,249.9382733736245
China,Male,Incidence,1990,1991,1990-1991,149191.68386571287,151863.54475821395,2547.5844624863917,-131.2686880698214,255.54511808223714,2671.8608924988075,95.3486938499935,-4.913006078960003,9.564312228966507
China,Male,Incidence,1991,1992,1991-1992,151863.54475821395,153859.12265145735,2104.9430326088427,-319.3580323517138,209.99289298554746,1995.5778932426765,105.48037436857227,-16.00328573658325,10.522911368010972
China,Male,Incidence,1992,1993,1992-1993,153859.12265145735,155287.01341148454,1799.130993519415,-545.9579290214024,174.71769552618207,1427.8907600241946,125.99920413301994,-38.2352729148658,12.23606878184586
China,Male,Incidence,1993,1994,1993-1994,155287.01341148454,156245.88205497753,1586.443553777824,-766.7811953708976,139.20628509135472,958.868643498281,165.44951850651148,-79.96728233529646,14.517763828784988
China,Male,Incidence,1994,1995,1994-1995,156245.88205497753,156716.18896297147,1407.1241252760906,-1030.0059343900696,93.1887171028308,470.3069079888519,299.1927401817889,-219.0071880497415,19.814447867952588
China,Male,Incidence,1995,1996,1995-1996,156716.18896297147,156777.6105361204,1246.658053547401,-1190.728722656369,5.492242255708939,61.42157314674114,2029.6745747117768,-1938.6164529059213,8.941878194144467
China,Male,Incidence,1996,1997,1996-1997,156777.6105361204,156621.1394884245,1190.2199059311922,-1293.1174484665873,-53.57350516714118,-156.47104770253645,-760.6646235244057,826.4260177543539,34.23860577005181
China,Male,Incidence,1997,1998,1997-1998,156621.1394884245,156616.82081403316,1341.3939982894808,-1302.879395578624,-42.83327709538571,-4.318674384529004,-31060.318024781434,30168.50263696638,991.8153878150534
China,Male,Incidence,1998,1999,1998-1999,156616.82081403316,157047.77614075123,1648.1667042039965,-1211.9153484323567,-5.29602905123708,430.9553267204028,382.4449083264961,-281.2160039081333,-1.2289044183628488
China,Male,Incidence,1999,2000,1999-2000,157047.77614075123,157949.68899678084,2003.9544440020495,-1143.8439966278431,41.80240864771864,901.9128560219251,222.1893645957004,-126.82422575424923,4.63486115854883
China,Male,Incidence,2000,2001,2000-2001,157949.68899678084,159337.45222009253,2363.451147802043,-1067.6798028368066,91.99187835285557,1387.763223318092,170.30651252964583,-76.93530026570545,6.628787736059635
China,Male,Incidence,2001,2002,2001-2002,159337.45222009253,161043.61088893216,2593.0792654698694,-1008.4646323313402,121.54403571117533,1706.1586688497046,151.98347684850017,-59.107318137723325,7.12384128922315
China,Male,Incidence,2002,2003,2002-2003,161043.61088893216,163056.59290195684,2741.64090035068,-857.3460664782955,128.6871791449327,2012.9820130173175,136.1979830232638,-42.59084586618807,6.392862842924251
China,Male,Incidence,2003,2004,2003-2004,163056.59290195684,165370.22645385482,2792.4852051434723,-585.7493628394441,106.89770958096778,2313.6335518849955,120.69695319158646,-25.317292030201337,4.620338838614897
China,Male,Incidence,2004,2005,2004-2005,165370.22645385482,167779.91635297224,2690.7716513824903,-321.7348536098968,40.65310135117519,2409.6898991237686,111.66464416690842,-13.351711924712333,1.6870677578039317
China,Male,Incidence,2005,2006,2005-2006,167779.91635297224,170120.3150671133,2407.851430397427,-70.99309745322778,3.540381186195494,2340.398714130395,102.88210362874409,-3.0333761946030706,0.1512725658589745
China,Male,Incidence,2006,2007,2006-2007,170120.3150671133,172326.412938146,2132.1853853066423,60.47991623361304,13.432569501339456,2206.0978710415948,96.64962798318393,2.741488354959422,0.6088836618566408
China,Male,Incidence,2007,2008,2007-2008,172326.412938146,174349.86772258964,1899.071523701549,121.8729681861975,2.5102925657217083,2023.4547844534682,93.85292610897086,6.023014159869907,0.12405973115923785
China,Male,Incidence,2008,2009,2008-2009,174349.86772258964,176057.89502430864,1697.8639845093323,33.34128263086799,-23.177965434787136,1708.0273017054133,99.40496752095629,1.9520345253016582,-1.3570020462579635
China,Male,Incidence,2009,2010,2009-2010,176057.89502430864,177408.65160757772,1504.7813372661817,-90.32647683492783,-63.69827715627132,1350.7565832749824,111.40285051343284,-6.687102469338066,-4.715748044094769
China,Male,Incidence,2010,2011,2010-2011,177408.65160757772,178147.03941388434,1294.661068016377,-391.65446573755855,-164.61879596352327,738.3878063152952,175.3361928438388,-53.041838230237545,-22.294354613601275
China,Male,Incidence,2011,2012,2011-2012,178147.03941388434,178320.4041267227,1101.408673392468,-656.0285498684049,-272.0154106907818,173.36471283328137,635.3130665360103,-378.40950395671575,-156.90356257929446
China,Male,Incidence,2012,2013,2012-2013,178320.4041267227,178063.91514317787,936.5102047643061,-888.3384655335492,-304.66072277391015,-256.48898354315315,-365.1268728298977,346.3456610346347,118.78121179526306
China,Male,Incidence,2013,2014,2013-2014,178063.91514317787,177407.7334707947,799.0506102609554,-1194.706834419262,-260.5254482274128,-656.1816723857191,-121.77277176239915,182.06952200837833,39.70324975402083
China,Male,Incidence,2014,2015,2014-2015,177407.7334707947,176736.98057904438,683.3614702610503,-1245.0597680519422,-109.05459396168591,-670.7528917525779,-101.8797650615457,185.62123001792594,16.25853504361978
China,Male,Incidence,2015,2016,2015-2016,176736.98057904438,176045.7551733887,583.3539950691484,-1320.6322562364946,46.05285550330883,-691.2254056640377,-84.39417739698662,191.0566720226098,-6.662494625623222
China,Male,Incidence,2016,2017,2016-2017,176045.7551733887,175338.74999952895,503.23269890930777,-1310.6096294451902,100.37175668050867,-707.0051738553739,-71.17807867870708,185.37482863078603,-14.196749952078974
China,Male,Incidence,2017,2018,2017-2018,175338.74999952895,174639.15079921912,499.89553737598663,-1309.9786675349849,110.48392985311996,-699.5992003058782,-71.45456100541891,187.24702186083647,-15.79246085541754
China,Male,Incidence,2018,2019,2018-2019,174639.15079921912,173871.19932769486,585.7266306418945,-1543.2629989169168,189.58489675522046,-767.951471519802,-76.27130780578122,200.9584011685982,-24.68709336281699
China,Male,Incidence,2019,2020,2019-2020,173871.19932769486,173245.96260668137,704.7406234167913,-1442.295379505124,112.31803506726767,-625.236721021065,-112.7158082247456,230.6798898743075,-17.964081649561898
China,Male,Incidence,2020,2021,2020-2021,173245.96260668137,172545.62412088586,760.5543193671183,-1388.207292813953,-72.68551235298219,-700.3384857998171,-108.5981043150202,198.21947828963872,10.378626025381449
China,Male,Incidence,2021,2022,2021-2022,172545.62412088586,171931.90809886943,740.9790817404622,-1213.32182968566,-141.3732740665388,-613.7160220117366,-120.73647341184973,197.70085612372307,23.03561728812666
China,Male,Incidence,2022,2023,2022-2023,171931.90809886943,171280.30877958256,785.431072330534,-1133.9264468473461,-303.1039447661072,-651.5993192829192,-120.53896452729505,174.02204288599086,46.516921641304215
United States of America,Male,Incidence,1990,1991,1990-1991,35054.94300939488,35116.572019532396,346.77422255313047,-241.68762683794438,-43.45758557723699,61.62901013794908,562.6801757434013,-392.165355726071,-70.51482001733022
United States of America,Male,Incidence,1991,1992,1991-1992,35116.572019532396,35184.79412216535,372.2604840118559,-267.2157354073958,-36.822645971546685,68.22210263291345,545.6596464270517,-391.684989313828,-53.97465711322384
United States of America,Male,Incidence,1992,1993,1992-1993,35184.79412216535,35254.26261370041,388.9214742543857,-289.0599054120673,-30.393077309318564,69.4684915329999,559.8530580869669,-416.102176732532,-43.75088135443507
United States of America,Male,Incidence,1993,1994,1993-1994,35254.26261370041,35337.20846054966,396.8538425809566,-292.82493926084135,-21.083056469364237,82.94584685075097,478.4493228395601,-353.0314661657954,-25.417856673764682
United States of America,Male,Incidence,1994,1995,1994-1995,35337.20846054966,35436.32464020406,425.5065047405611,-314.45197290605694,-11.938352177932149,99.11617965657206,429.30075212230724,-317.25594549305924,-12.044806629248
United States of America,Male,Incidence,1995,1996,1995-1996,35436.32464020406,35594.2478872503,426.0113519860376,-267.6989315459153,-0.38917339484517777,157.9232470452771,269.7584807535643,-169.51204876706035,-0.24643198650392523
United States of America,Male,Incidence,1996,1997,1996-1997,35594.2478872503,35825.7848854282,428.4198952183663,-205.66399024892115,8.781093207421993,231.5369981768672,185.03301787263544,-88.82554056946782,3.79252269683235
United States of America,Male,Incidence,1997,1998,1997-1998,35825.7848854282,36104.92272396134,426.38238632076656,-161.31261989579676,14.068072108782266,279.1378385337521,152.7497628270165,-57.789592676913834,5.039829849897337
United States of America,Male,Incidence,1998,1999,1998-1999,36104.92272396134,36388.74798055134,416.06392434374476,-143.88774296965008,11.649075215872774,283.82525658996747,146.5915786856199,-50.69589109101722,4.104312405397308
United States of America,Male,Incidence,1999,2000,1999-2000,36388.74798055134,36645.240826598085,412.8613686057518,-160.9482195211664,4.579696962883948,256.49284604746936,160.964087290506,-62.749593995061986,1.7855067045559545
United States of America,Male,Incidence,2000,2001,2000-2001,36645.240826598085,37129.70391565229,511.852525837038,-27.327889519275534,-0.06154726519647133,484.4630890525659,105.65356523611239,-5.640861014348682,-0.012704221763692142
United States of America,Male,Incidence,2001,2002,2001-2002,37129.70391565229,37578.765896056415,487.9185228510966,-37.774527231829175,-1.0820152159770562,449.06198040329036,108.65282391818391,-8.411873834855692,-0.24095008332821402
United States of America,Male,Incidence,2002,2003,2002-2003,37578.765896056415,37965.46641405117,448.34782837385984,-60.68687717464368,-0.960433202565279,386.7005179966509,115.94187426915803,-15.69350811554105,-0.2483661536169954
United States of America,Male,Incidence,2003,2004,2003-2004,37965.46641405117,38397.76156435592,484.73396810501436,-50.003215815810115,-2.4356019850201847,432.29515030418406,112.13032756993266,-11.566915747406698,-0.56341182252597
United States of America,Male,Incidence,2004,2005,2004-2005,38397.76156435592,38784.96925546288,500.84840627165977,-107.0061295555606,-6.634585609415807,387.20769110668334,129.34877528909058,-27.6353316355171,-1.7134436535734638
United States of America,Male,Incidence,2005,2006,2005-2006,38784.96925546288,39210.17448721051,495.4862281394987,-83.33615403483903,13.055157643097726,425.20523174775735,116.52872334210456,-19.599042488798954,3.070319146694408
United States of America,Male,Incidence,2006,2007,2006-2007,39210.17448721051,39596.95116511744,469.6364646774212,-120.50394959432982,37.64416282246142,386.7766779055528,121.42316005726228,-31.15595031398345,9.732790256721158
United States of America,Male,Incidence,2007,2008,2007-2008,39596.95116511744,39959.51591560241,456.35785471663377,-135.00214367981852,41.209039448510644,362.56475048532593,125.86933895414742,-37.235319621972586,11.365980667825154
United States of America,Male,Incidence,2008,2009,2008-2009,39959.51591560241,40283.86629965536,422.95425514061327,-123.50996372456818,24.906092637372545,324.35038405341766,130.4004175530609,-38.07917912137486,7.678761568313953
United States of America,Male,Incidence,2009,2010,2009-2010,40283.86629965536,40528.04504036571,423.2193833230886,-165.46645093405823,-13.574191677016644,244.17874071201368,173.32359978964627,-67.76447877958822,-5.559121010058019
United States of America,Male,Incidence,2010,2011,2010-2011,40528.04504036571,40716.521472643886,420.7918712045927,-154.7186161656476,-77.59682276105862,188.4764322778865,223.25967555677428,-82.08910487945414,-41.17057067732011
United States of America,Male,Incidence,2011,2012,2011-2012,40716.521472643886,40839.97634337483,421.94410837434646,-166.40823158022005,-132.08100606623097,123.45487072789547,341.7800414730865,-134.79276321709273,-106.9872782559938
United States of America,Male,Incidence,2012,2013,2012-2013,40839.97634337483,40912.72303952598,416.82313940381454,-193.70510231139025,-150.37134093914696,72.7466961532773,572.9787900272037,-266.2734014796405,-206.70538854756308
United States of America,Male,Incidence,2013,2014,2013-2014,40912.72303952598,41017.20310268926,428.22949848629776,-185.78904295851194,-137.960392364838,104.48006316294777,409.867189511963,-177.82248338494412,-132.04470612701877
United States of America,Male,Incidence,2014,2015,2014-2015,41017.20310268926,41147.55823511842,446.86797255299217,-221.67850691998925,-94.8343332026913,130.35513243031164,342.8081152016699,-170.05736773617213,-72.75074746549784
United States of America,Male,Incidence,2015,2016,2015-2016,41147.55823511842,41280.42838174529,427.0030222403536,-218.7636175251731,-75.36925808989811,132.87014662528236,321.3686694006432,-164.6446723221626,-56.72399707848064
United States of America,Male,Incidence,2016,2017,2016-2017,41280.42838174529,41335.4100196764,399.20449020548887,-263.95470339117554,-80.26814888128379,54.98163793302956,726.0687480641087,-480.07791930950805,-145.99082875460076
United States of America,Male,Incidence,2017,2018,2017-2018,41335.4100196764,41328.98932020993,351.61889512483083,-273.81553977515307,-84.22405481793128,-6.420699468253588,-5476.333176211877,4264.574928775324,1311.758247436552
United States of America,Male,Incidence,2018,2019,2018-2019,41328.98932020993,41318.19287106968,328.07644673588095,-271.57017087687325,-67.3027249987002,-10.796449139692413,-3038.7439656407973,2515.3656295981973,623.3783360426003
United States of America,Male,Incidence,2019,2020,2019-2020,41318.19287106968,41291.99534666697,274.6708464441981,-268.83216504066513,-32.03620580633287,-26.1975244027999,-1048.4610767834317,1026.1739273804562,122.28714940297547
United States of America,Male,Incidence,2020,2021,2020-2021,41291.99534666697,41355.09363821028,200.79965549415408,-221.96003134676963,84.2586673943127,63.09829154169711,318.233109943175,-351.768686478765,133.53557653559005
United States of America,Male,Incidence,2021,2022,2021-2022,41355.09363821028,41589.64470863681,318.85786314185435,-155.7117634764751,71.40497076287768,234.55107042825693,135.9438959539452,-66.38714681291692,30.443250858971716
United States of America,Male,Incidence,2022,2023,2022-2023,41589.64470863681,41469.60122492642,358.8180698635115,-141.78628008979288,-337.0752734842463,-120.04348371052765,-298.90674509977055,118.11243368419375,280.79431141557683
China,Male,Prevalence,1990,1991,1990-1991,1920293.509529894,1975320.8329190249,32963.68274996484,18862.062684951197,3201.5779542257856,55027.32338914182,59.90420889064967,34.27763068096662,5.818160428383715
China,Male,Prevalence,1991,1992,1991-1992,1975320.8329190249,2026383.1313688473,27550.821900174724,20770.553318371763,2740.923231277382,51062.298449823866,53.95531093698693,40.67688676173058,5.367802301282497
China,Male,Prevalence,1992,1993,1992-1993,2026383.1313688473,2073524.1956833047,23858.963863656547,21036.579270493046,2245.5211803040393,47141.06431445363,50.611848100216314,44.624744002742325,4.763407897041378
China,Male,Prevalence,1993,1994,1993-1994,2073524.1956833047,2116083.0274548903,21334.170674655743,19490.510964962923,1734.1501319667245,42558.83177158539,50.12865670081575,45.796630578510985,4.074712720673264
China,Male,Prevalence,1994,1995,1994-1995,2116083.0274548903,2153848.0950329867,19197.562877563138,17503.693125269456,1063.8115752642818,37765.067578096874,50.83418118572999,46.34889925477404,2.81691955949597
China,Male,Prevalence,1995,1996,1995-1996,2153848.0950329867,2186806.538269093,17260.872100352623,16071.181382859668,-373.6102471066794,32958.44323610561,52.37162440197881,48.761955374317765,-1.1335797762965745
China,Male,Prevalence,1996,1997,1996-1997,2186806.538269093,2216327.4363996424,16721.85831763743,14587.516411618872,-1788.476598711374,29520.898130544927,56.64413814136474,49.414202600175436,-6.058340741540171
China,Male,Prevalence,1997,1998,1997-1998,2216327.4363996424,2244760.297406909,19103.57334010008,11504.725188224189,-2175.4375210561943,28432.861007268075,67.18836115442896,40.462777155219534,-7.651138309648487
China,Male,Prevalence,1998,1999,1998-1999,2244760.297406909,2273456.2494033957,23740.632286983466,6687.261372733317,-1731.9416632203695,28695.951996496413,82.73164204443206,23.303849175485755,-6.035491219917806
China,Male,Prevalence,1999,2000,1999-2000,2273456.2494033957,2303583.0455549234,29117.502420465775,1615.454073006132,-606.1603419521514,30126.796151519753,96.64984711292287,5.362183435906576,-2.012030548829446
China,Male,Prevalence,2000,2001,2000-2001,2303583.0455549234,2335810.8894596323,34557.7750599687,-2809.676934959832,479.7457796991803,32227.843904708046,107.22955951428163,-8.71816601590706,1.4886065016254344
China,Male,Prevalence,2001,2002,2001-2002,2335810.8894596323,2369765.693046896,38084.99222618218,-5066.49396019134,936.3053212665642,33954.8035872574,112.16378303679767,-14.921287785309708,2.7575047485120545
China,Male,Prevalence,2002,2003,2002-2003,2369765.693046896,2405951.355494758,40398.450067696474,-5325.947670672477,1113.1600508476454,36185.66244787164,111.64214590763315,-14.718392065766198,3.0762461581330505
China,Male,Prevalence,2003,2004,2003-2004,2405951.355494758,2443943.050796195,41236.65525625701,-4240.729908943098,995.769954119188,37991.695301433094,108.54123494378918,-11.162255001511166,2.621020057722
China,Male,Prevalence,2004,2005,2004-2005,2443943.050796195,2482828.4214329543,39792.24378750295,-1340.928259439456,434.05510869350593,38885.370636757,102.33217052041859,-3.448413214227983,1.1162426938094003
China,Male,Prevalence,2005,2006,2005-2006,2482828.4214329543,2521998.0750223794,35663.767031463096,3019.0912783062086,486.7952796670143,39169.65358943632,91.04948286058183,7.707730351540379,1.2427867878777932
China,Male,Prevalence,2006,2007,2006-2007,2521998.0750223794,2561668.175402388,31652.156553979807,6900.12261003124,1117.8212159933366,39670.10038000438,79.78844583396616,17.39376140704002,2.817792758993803
China,Male,Prevalence,2007,2008,2007-2008,2561668.175402388,2602013.6862660437,28285.84878864807,10651.038956827639,1408.6231181814026,40345.51086365711,70.10903613102522,26.39956398822552,3.4913998807492566
China,Male,Prevalence,2008,2009,2008-2009,2602013.6862660437,2642182.7203447535,25409.74306402852,13545.69326846868,1213.5977462079222,40169.034078705125,63.25704276145148,33.721730131543495,3.021227107005017
China,Male,Prevalence,2009,2010,2009-2010,2642182.7203447535,2680727.095420721,22660.360866046198,15433.255603710346,450.75860621516284,38544.37507597171,58.79031848715199,40.0402278498253,1.1694536630227081
China,Male,Prevalence,2010,2011,2010-2011,2680727.095420721,2715860.2784774406,19649.846947143862,15464.435900593953,18.900208974800385,35133.183056712616,55.929594865983894,44.0166092426951,0.053795891321009336
China,Male,Prevalence,2011,2012,2011-2012,2715860.2784774406,2748275.8821061254,16882.606627810048,15259.346552569186,273.65044830320403,32415.60362868244,52.08172835896765,47.07407805007584,0.844193590956513
China,Male,Prevalence,2012,2013,2012-2013,2748275.8821061254,2778705.648557664,14523.480413955558,15450.961315462057,455.3247221344306,30429.766451552045,47.72787341985926,50.7758130186832,1.4963135614575418
China,Male,Prevalence,2013,2014,2013-2014,2778705.648557664,2806340.187190272,12554.126850654759,14889.835227771116,190.57655417981246,27634.53863260569,45.42911686552378,53.8812513779505,0.6896317565257024
China,Male,Prevalence,2014,2015,2014-2015,2806340.187190272,2831414.5859148293,10878.509797153916,14212.689479784729,-16.8005523859368,25074.39872455271,43.3849278567216,56.6820749558702,-0.06700281259181619
China,Male,Prevalence,2015,2016,2015-2016,2831414.5859148293,2851934.4779216526,9397.808908279287,11123.173815760761,-1.0907172181177884,20519.89200682193,45.79853005637136,54.20678535765594,-0.005315414027301775
China,Male,Prevalence,2016,2017,2016-2017,2851934.4779216526,2868575.2372137303,8192.592239505844,8388.331515614875,59.835536964936175,16640.759292085655,49.232081876229294,50.40834596774899,0.35957215602171444
China,Male,Prevalence,2017,2018,2017-2018,2868575.2372137303,2883119.933483826,8215.541585009003,6603.523594482957,-274.3689093995684,14544.69627009239,56.484793030035654,45.401591562014865,-1.8863845920505122
China,Male,Prevalence,2018,2019,2018-2019,2883119.933483826,2895823.5866787317,9712.444718290973,2240.698854576486,750.5096220438522,12703.653194911312,76.45395044459713,17.638224376859093,5.907825178543783
China,Male,Prevalence,2019,2020,2019-2020,2895823.5866787317,2908420.901734107,11784.128346626725,1054.671278193205,-241.48456945518654,12597.315055364743,93.5447616800557,8.37219100703573,-1.9169526870914209
China,Male,Prevalence,2020,2021,2020-2021,2908420.901734107,2916230.648750341,12810.924205962492,-2780.503739058118,-2220.673450665859,7809.747016238514,164.0376337328881,-35.60299371127798,-28.43464002161012
China,Male,Prevalence,2021,2022,2021-2022,2916230.648750341,2920503.625551649,12554.828244709643,-5573.953279669165,-2707.8981637344696,4272.976801306009,293.8192465934366,-130.44660757262994,-63.37263902080669
China,Male,Prevalence,2022,2023,2022-2023,2920503.625551649,2920251.9442918487,13366.38480377407,-8359.261135854293,-5258.804927725577,-251.68125980580226,-5310.83832546277,3321.368123436888,2089.47020202588
United States of America,Male,Prevalence,1990,1991,1990-1991,606725.1570790269,614754.3897121283,6036.141639067617,2173.0877106522094,-179.99671661888718,8029.232633100939,75.17706753424109,27.064699828144718,-2.2417673623858043
United States of America,Male,Prevalence,1991,1992,1991-1992,614754.3897121283,622111.8098614202,6549.297959070944,975.9381017838606,-167.81591156270588,7357.420149292098,89.01622887067407,13.264678134193023,-2.280907004867086
United States of America,Male,Prevalence,1992,1993,1992-1993,622111.8098614202,628971.4309855105,6907.556623446735,159.52292913400257,-207.4584284905771,6859.621124090161,100.69880680710237,2.325535568921982,-3.0243423760243573
United States of America,Male,Prevalence,1993,1994,1993-1994,628971.4309855105,635997.5891347947,7111.28265844109,78.73537071297565,-163.85987987010353,7026.158149283961,101.2115370498144,1.1206034512758527,-2.3321405010902376
United States of America,Male,Prevalence,1994,1995,1994-1995,635997.5891347947,643308.0133793529,7691.277104516223,-223.025955602061,-157.82690435549011,7310.4242445586715,105.2097230915296,-3.050793608429288,-2.158929483100308
United States of America,Male,Prevalence,1995,1996,1995-1996,643308.0133793529,650570.0485993306,7759.975057765996,-313.35872244732064,-184.58111533978564,7262.03521997889,106.85675327513151,-4.315026200716106,-2.5417270744154035
United States of America,Male,Prevalence,1996,1997,1996-1997,650570.0485993306,657360.5080075574,7845.650537428757,-811.2401628715841,-243.95096633272863,6790.459408224444,115.53931870833792,-11.946764042047421,-3.592554666290487
United States of America,Male,Prevalence,1997,1998,1997-1998,657360.5080075574,663829.8408414157,7831.541054641886,-1152.2221475464758,-209.9860732348752,6469.332833860535,121.0563941563115,-17.810525090249442,-3.2458690660620606
United States of America,Male,Prevalence,1998,1999,1998-1999,663829.8408414157,670439.5824952545,7657.737398223796,-843.8720041093571,-204.12374027752475,6609.741653836914,115.85532081694186,-12.76709511966318,-3.088225697278685
United States of America,Male,Prevalence,1999,2000,1999-2000,670439.5824952545,677162.8714192557,7617.9371145954165,-782.2677377359552,-112.3804528580707,6723.28892400139,113.30670451183843,-11.63519442014974,-1.671510091688683
United States of America,Male,Prevalence,2000,2001,2000-2001,677162.8714192557,685812.1627435278,9456.405731163319,-938.9961060976688,131.88169920803438,8649.291324273683,109.33156690681143,-10.856335749293544,1.5247688424821213
United States of America,Male,Prevalence,2001,2002,2001-2002,685812.1627435278,693886.7358934253,9010.841376215918,-1249.0767333543042,312.80850703694165,8074.573149898555,111.59526589128895,-15.469260234146208,3.8739943428572645
United States of America,Male,Prevalence,2002,2003,2002-2003,693886.7358934253,701064.0999007165,8278.961315998225,-1505.7104053877413,404.11309667845495,7177.364007288939,115.34821569019718,-20.978598881965915,5.63038319176873
United States of America,Male,Prevalence,2003,2004,2003-2004,701064.0999007165,708719.6914606068,8949.005038872128,-1613.1268042040758,319.7133252234198,7655.591559891473,116.89501678429396,-21.07122345261251,4.17620666831855
United States of America,Male,Prevalence,2004,2005,2004-2005,708719.6914606068,716109.855084406,9245.901825311088,-1894.9822124696027,39.24401095656989,7390.1636237980565,125.1109217059433,-25.641952045111918,0.5310303391686076
United States of America,Male,Prevalence,2005,2006,2005-2006,716109.855084406,723613.678996288,9146.22550895096,-1645.0919593095118,2.6903622418370405,7503.823911883286,121.88752849686034,-21.92338171347936,0.035853216619016075
United States of America,Male,Prevalence,2006,2007,2006-2007,723613.678996288,730353.1362966762,8664.566364435808,-1946.7566664669039,21.647602419116687,6739.457300388021,128.56474903308535,-28.885955941212362,0.32120690812701397
United States of America,Male,Prevalence,2007,2008,2007-2008,730353.1362966762,736819.9334121667,8416.000021576396,-1888.913817819984,-60.28908826680466,6466.797115489608,130.14170494722893,-29.209418265118593,-0.9322866821103312
United States of America,Male,Prevalence,2008,2009,2008-2009,736819.9334121667,743030.9897429126,7800.0307632681215,-1347.6805094315205,-241.29392309137623,6211.056330745225,125.58299825196153,-21.698088661028468,-3.8849095909330598
United States of America,Male,Prevalence,2009,2010,2009-2010,743030.9897429126,748952.3087437882,7813.56031361003,-1165.7442391198515,-726.4970736142519,5921.319000875927,131.9564156643847,-19.687239261174845,-12.269176403209874
United States of America,Male,Prevalence,2010,2011,2010-2011,748952.3087437882,754140.3986197333,7784.952748016396,-748.0170114904175,-1848.8458605799242,5188.089875946054,150.0543154448881,-14.417965559126243,-35.63634988576186
United States of America,Male,Prevalence,2011,2012,2011-2012,754140.3986197333,757789.3007530497,7822.169617763779,-1146.9347926034825,-3026.332691843447,3648.9021333168494,214.3704964389777,-31.432325414573935,-82.93817102440379
United States of America,Male,Prevalence,2012,2013,2012-2013,757789.3007530497,760735.0038281549,7742.336673664278,-1414.010373948957,-3382.6232246122086,2945.7030751031125,262.8349319760704,-48.002474719875174,-114.83245725619517
United States of America,Male,Prevalence,2013,2014,2013-2014,760735.0038281549,764439.7184268452,7971.766016890179,-1206.783115983766,-3060.268302215438,3704.7145986909745,215.17895115879983,-32.574253261241,-82.60469789755881
United States of America,Male,Prevalence,2014,2015,2014-2015,764439.7184268452,769349.6637356485,8341.763409494597,-1418.2544517813947,-2013.56364891032,4909.945308802882,169.89524088056376,-28.88534113075867,-41.009899749805086
United States of America,Male,Prevalence,2015,2016,2015-2016,769349.6637356485,774758.3253059692,7998.9164034942705,-1078.014870251975,-1512.2399629192464,5408.661570323049,147.89086541083972,-19.931268692553587,-27.959596718286132
United States of America,Male,Prevalence,2016,2017,2016-2017,774758.3253059692,778795.4984558334,7506.804953308989,-1840.6927626359588,-1628.9390408100055,4037.173149863025,185.94211034925968,-45.593604591827095,-40.34850575743259
United States of America,Male,Prevalence,2017,2018,2017-2018,778795.4984558334,781926.4287891585,6638.585877833578,-1747.1929740281387,-1760.4625704811963,3130.9303333242424,212.0323728437965,-55.804275024320624,-56.22809781947585
United States of America,Male,Prevalence,2018,2019,2018-2019,781926.4287891585,785150.392275938,6220.612580000074,-1650.955072649056,-1345.694020569208,3223.9634867818095,192.94922555743793,-51.20886385400893,-41.74036170342898
United States of America,Male,Prevalence,2019,2020,2019-2020,785150.392275938,788085.4281700422,5230.80963719968,-1859.4645218062797,-436.309221292031,2935.035894101369,178.2196138627196,-63.354064103382925,-14.865549759336671
United States of America,Male,Prevalence,2020,2021,2020-2021,788085.4281700422,794434.224874849,3844.8537281079916,-1655.4879128071482,4159.430889506009,6348.796704806853,60.5603535107203,-26.07561699926116,65.51526348854085
United States of America,Male,Prevalence,2021,2022,2021-2022,794434.224874849,802189.8569913491,6137.7507741448935,-2200.4620460908627,3818.3433884490514,7755.632116503082,79.13927171821977,-28.372439706217314,49.23316798799754
United States of America,Male,Prevalence,2022,2023,2022-2023,802189.8569913491,798906.0584382518,6916.920193419754,-2250.2158119064793,-7950.502934614992,-3283.7985531017184,-210.63777456404452,68.5247823676953,242.11299219634924
