location_name,sex_name,measure_name,age_name,age_midpoint,reference_age,reference_period,reference_cohort,fitted_rate,fitted_rate_lower,fitted_rate_upper,age_rr_vs_reference,age_rr_vs_reference_lower,age_rr_vs_reference_upper,age_rr_vs_reference_se
China,Female,DALYs,15-19 years,17.0,40-44 years,2004-2008,1959,109.32650162931046,80.91184031301539,147.71983818765014,0.3670887225847838,0.2847069576378736,0.4733081740149313,0.12966486595672122
China,Female,DALYs,20-24 years,22.0,40-44 years,2004-2008,1959,211.14175296745086,156.37021862753775,285.0980208217032,0.7089567051540381,0.5511633528355919,0.9119249442057834,0.1284506268688448
China,Female,DALYs,25-29 years,27.0,40-44 years,2004-2008,1959,268.80937407594337,199.21161732211792,362.7222175213864,0.9025889265434801,0.7057758544982616,1.154285408216552,0.1254946522355913
China,Female,DALYs,30-34 years,32.0,40-44 years,2004-2008,1959,294.94892229965785,218.85411448762912,397.50162782818984,0.9903584355223908,0.7748637202582344,1.2657836535223106,0.12519375746052186
China,Female,DALYs,35-39 years,37.0,40-44 years,2004-2008,1959,299.1117389190892,224.13896137957482,399.16234022200814,1.004336043992505,0.7864722283947404,1.282551185973016,0.12475741730426397
China,Female,DALYs,40-44 years,42.0,40-44 years,2004-2008,1959,297.82037666400964,222.7268319855249,398.2321122497581,0.8494191135438105,0.7037273918459964,1.0252731935883612,0.09600085018241927
China,Female,DALYs,45-49 years,47.0,40-44 years,2004-2008,1959,291.7483018045935,217.26142858817158,391.77258549287757,0.9796116205095448,0.7629025892822767,1.257878712851329,0.12756420021545553
China,Female,DALYs,50-54 years,52.0,40-44 years,2004-2008,1959,285.3887126618778,212.08289362936858,384.03246919639986,0.9582578460836586,0.7420462248845202,1.2374675172342466,0.1304619149193242
China,Female,DALYs,55-59 years,57.0,40-44 years,2004-2008,1959,279.7497650137137,206.66635595107604,378.67765493360935,0.9393237902231165,0.7216049506306349,1.2227316097374668,0.13453184435397744
China,Female,DALYs,60-64 years,62.0,40-44 years,2004-2008,1959,273.78829487780655,201.00855228843486,372.91960744303924,0.9193067913774237,0.7002276037055843,1.206928964525644,0.1388849326787411
China,Female,DALYs,65-69 years,67.0,40-44 years,2004-2008,1959,261.1754882488546,188.53086602420262,361.81150121736994,0.8769564096801326,0.6630377825035493,1.159892489950151,0.14266597525020475
United States of America,Female,DALYs,15-19 years,17.0,40-44 years,2004-2008,1959,166.6294016410875,122.87262626191566,225.96861755100875,0.37895971042204674,0.29122819685801726,0.49312004700278417,0.13434834335318677
United States of America,Female,DALYs,20-24 years,22.0,40-44 years,2004-2008,1959,367.5239852603004,271.01456718481177,498.40080975980584,0.8358475854543136,0.6428643157076658,1.0867630525435854,0.13393499898228595
United States of America,Female,DALYs,25-29 years,27.0,40-44 years,2004-2008,1959,449.982807281848,332.0075376810259,609.8793065469149,1.0233809439568955,0.7900962038811554,1.3255456124323317,0.13199610242785337
United States of America,Female,DALYs,30-34 years,32.0,40-44 years,2004-2008,1959,464.7942195580381,343.0389287001823,629.7642875493591,1.0570660466569377,0.8170824200249701,1.3675347793687445,0.13138392747657412
United States of America,Female,DALYs,35-39 years,37.0,40-44 years,2004-2008,1959,455.6804093124105,340.40138415807075,609.9993862971572,1.0363388109019667,0.803583854312569,1.3365103407913304,0.12977952339907217
United States of America,Female,DALYs,40-44 years,42.0,40-44 years,2004-2008,1959,439.7021558189197,328.6728488969332,588.2383850101149,0.8506674059586989,0.7010049554225305,1.0322823397508383,0.09872768815506702
United States of America,Female,DALYs,45-49 years,47.0,40-44 years,2004-2008,1959,420.3670496475452,313.93115759550415,562.8891945063575,0.9560268106137346,0.7391875040502384,1.2364755323977326,0.13124201109313718
United States of America,Female,DALYs,50-54 years,52.0,40-44 years,2004-2008,1959,400.40496774695833,298.4738128023273,537.1464139221551,0.9106277111633159,0.7016110567317222,1.1819124290904959,0.13303824181480464
United States of America,Female,DALYs,55-59 years,57.0,40-44 years,2004-2008,1959,381.8595358966777,283.6384075308043,514.0936533406176,0.8684504518416257,0.6658996229984878,1.1326124257403831,0.13549570960303559
United States of America,Female,DALYs,60-64 years,62.0,40-44 years,2004-2008,1959,362.5087248485475,268.06331069576953,490.22962243595765,0.8244415453760874,0.6285314294127742,1.0814158686975233,0.13842867787128607
United States of America,Female,DALYs,65-69 years,67.0,40-44 years,2004-2008,1959,335.3043002489363,243.82788506479608,461.0997373641302,0.7625714266159362,0.5777071270256203,1.0065916681434242,0.14164751976342277
China,Female,Incidence,15-19 years,17.0,40-44 years,2004-2008,1959,24.631363893036777,21.3955036409407,28.356616297185745,1.095249940393688,0.9724457275483649,1.2335623448689748,0.06067530892057649
China,Female,Incidence,20-24 years,22.0,40-44 years,2004-2008,1959,32.58993057117584,28.317488453593725,37.50698358629583,1.4491328888858408,1.2880834520980935,1.630318382112636,0.06010711852284118
China,Female,Incidence,25-29 years,27.0,40-44 years,2004-2008,1959,28.959070471936737,25.170495907096345,33.31788796271444,1.2876842852056503,1.1476847255624356,1.4447615982281203,0.058723901313532195
China,Female,Incidence,30-34 years,32.0,40-44 years,2004-2008,1959,25.05000167674092,21.78544830860002,28.80374895737216,1.1138649472459123,0.993037376534504,1.2493941819520524,0.058583100771340456
China,Female,Incidence,35-39 years,37.0,40-44 years,2004-2008,1959,23.17625920601351,20.248972407278604,26.526728368262695,1.0305477449062774,0.9191258431589876,1.1554768723304274,0.058378919988982134
China,Female,Incidence,40-44 years,42.0,40-44 years,2004-2008,1959,22.48926293863392,19.63042693822509,25.764439515992656,1.0922137702487238,1.000158360185484,1.1927420370707074,0.04492258715171516
China,Female,Incidence,45-49 years,47.0,40-44 years,2004-2008,1959,23.251327699049845,20.255337122149545,26.690458742225573,1.0338857152631173,0.9197322233587168,1.162207482871049,0.059692324502633454
China,Female,Incidence,50-54 years,52.0,40-44 years,2004-2008,1959,23.921105638054637,20.818492274068205,27.48610645833048,1.0636678357724643,0.9437146177536638,1.1988680090067254,0.061048279591343485
China,Female,Incidence,55-59 years,57.0,40-44 years,2004-2008,1959,24.52992568428983,21.289340885695708,28.263780325913014,1.09073942312935,0.9641276521070381,1.2339781838727557,0.06295276022231806
China,Female,Incidence,60-64 years,62.0,40-44 years,2004-2008,1959,23.27063378518463,20.137732831805526,26.890931630044076,1.0347441731942406,0.9109878908517961,1.1753125532308735,0.06498974207484016
China,Female,Incidence,65-69 years,67.0,40-44 years,2004-2008,1959,20.379582536733867,17.496793785785535,23.737342364345725,0.9061916609869918,0.7950484922857065,1.0328720001487215,0.06675904113956876
United States of America,Female,Incidence,15-19 years,17.0,40-44 years,2004-2008,1959,32.044926526352874,22.451186322276257,45.73822074873958,1.7502270097861914,1.2868394060718225,2.3804793133714006,0.15691651029551476
United States of America,Female,Incidence,20-24 years,22.0,40-44 years,2004-2008,1959,42.50170897567936,29.777650415804466,60.66278704429276,2.321354644084824,1.7083718803529906,3.154282416835817,0.1564337313150446
United States of America,Female,Incidence,25-29 years,27.0,40-44 years,2004-2008,1959,31.126677918957352,21.82242698728078,44.39790674223421,1.7000741872156504,1.2567140111885686,2.299848825034923,0.15416913412276081
United States of America,Female,Incidence,30-34 years,32.0,40-44 years,2004-2008,1959,22.867804807312744,16.037895137806128,32.60630476830079,1.2489917739509484,0.9245635977383388,1.687261379545064,0.1534541245093358
United States of America,Female,Incidence,35-39 years,37.0,40-44 years,2004-2008,1959,20.17435296960477,14.350016352372855,28.362651842894955,1.101881055752298,0.8186665351981408,1.4830725439778012,0.15158020866741242
United States of America,Female,Incidence,40-44 years,42.0,40-44 years,2004-2008,1959,18.309011543746834,13.032808907726547,25.721232167404715,1.2090158598368563,0.9644423304089309,1.5156109424575683,0.11531220935199599
United States of America,Female,Incidence,45-49 years,47.0,40-44 years,2004-2008,1959,18.649144908973632,13.260670000815127,26.227227267892093,1.0185773745575561,0.7542448117550199,1.375547901412076,0.15328836866086643
United States of America,Female,Incidence,50-54 years,52.0,40-44 years,2004-2008,1959,18.68025911452538,13.254283243787985,26.32749535885732,1.0202767675301043,0.7524029319771675,1.383520236459243,0.15538633466100213
United States of America,Female,Incidence,55-59 years,57.0,40-44 years,2004-2008,1959,18.753467346008044,13.251039631979651,26.540750557339372,1.0242752483496584,0.7511141242922494,1.3967781332434999,0.15825661396529597
United States of America,Female,Incidence,60-64 years,62.0,40-44 years,2004-2008,1959,17.580788510030168,12.357708250967235,25.011443736763802,0.9602259776844494,0.6994339758174339,1.3182572767393355,0.16168226949609232
United States of America,Female,Incidence,65-69 years,67.0,40-44 years,2004-2008,1959,15.20255838686445,10.478993890429468,22.0553408010958,0.8303320116730527,0.6003781260908445,1.1483617068099117,0.1654418204090493
China,Female,Prevalence,15-19 years,17.0,40-44 years,2004-2008,1959,166.8468407438466,122.19259626162501,227.81959887814483,0.35926405446863086,0.2761789814572624,0.46734425680113734,0.134188013675872
China,Female,Prevalence,20-24 years,22.0,40-44 years,2004-2008,1959,323.35274153057605,236.97742483382572,441.21078422831806,0.6962614121304923,0.5365606498881452,0.9034951670850397,0.13293141783452778
China,Female,Prevalence,25-29 years,27.0,40-44 years,2004-2008,1959,414.02217834391826,303.6368612499563,564.5373998894473,0.8914959718064447,0.6911460448451209,1.1499234838639876,0.1298723288393259
China,Female,Prevalence,30-34 years,32.0,40-44 years,2004-2008,1959,456.38876503972455,335.13689190920627,621.5093291218864,0.9827221025648925,0.7623356456960403,1.2668209027374087,0.12956093783996683
China,Female,Prevalence,35-39 years,37.0,40-44 years,2004-2008,1959,464.31627351292116,344.45013122848593,625.8949621532228,0.99979206219504,0.7762642117449503,1.287685497417514,0.1291093766678387
China,Female,Prevalence,40-44 years,42.0,40-44 years,2004-2008,1959,464.41284249998586,343.8117406288047,627.3179847914913,0.8510522702631426,0.7004676400053256,1.0340091752340512,0.09934968352547882
China,Female,Prevalence,45-49 years,47.0,40-44 years,2004-2008,1959,457.0362177478272,336.8673675775998,620.0722433737126,0.9841162343563769,0.7597553229403492,1.274732448040794,0.13201406963067935
China,Female,Prevalence,50-54 years,52.0,40-44 years,2004-2008,1959,449.88968152386053,330.8851883430072,611.6947287825557,0.9687279083456312,0.743492410455605,1.2621968256981106,0.13501286639372312
China,Female,Prevalence,55-59 years,57.0,40-44 years,2004-2008,1959,443.51826497589957,324.2085019718309,606.734401383229,0.9550086138625958,0.7269369980209663,1.2546361720956891,0.1392247686897497
China,Female,Prevalence,60-64 years,62.0,40-44 years,2004-2008,1959,436.88213378606025,317.309140679842,601.5143415425295,0.9407193208402146,0.7097654696492638,1.2468243080906443,0.14372970741270827
China,Female,Prevalence,65-69 years,67.0,40-44 years,2004-2008,1959,419.81828861117685,299.6219743758957,588.2325414200204,0.9039764842661293,0.6768324557789667,1.2073497320184894,0.1476426454977093
United States of America,Female,Prevalence,15-19 years,17.0,40-44 years,2004-2008,1959,262.65308230634565,192.8388547676938,357.74243592210587,0.3697313166383996,0.28306853738742016,0.4829263180035763,0.13626914321308486
United States of America,Female,Prevalence,20-24 years,22.0,40-44 years,2004-2008,1959,584.2867653717665,428.98448175052386,795.8120601367995,0.8224884062214397,0.6302197725974065,1.0734147162355596,0.13584988919127336
United States of America,Female,Prevalence,25-29 years,27.0,40-44 years,2004-2008,1959,718.6796424268134,527.9580970811804,978.2981477018881,1.011670482228566,0.778171528410711,1.3152333736790205,0.1338832719211463
United States of America,Female,Prevalence,30-34 years,32.0,40-44 years,2004-2008,1959,745.2998460605479,547.6810036200707,1014.2251728037116,1.0491431928179784,0.8079780624898025,1.3622912429632876,0.1332623446061885
United States of America,Female,Prevalence,35-39 years,37.0,40-44 years,2004-2008,1959,732.7079301124493,545.0681981215673,984.9426414893005,1.0314178129305256,0.796864815704882,1.3350102600393567,0.1316350021057007
United States of America,Female,Prevalence,40-44 years,42.0,40-44 years,2004-2008,1959,710.3890595321755,528.803611365984,954.328989167473,0.8527284260835993,0.7007619637920753,1.0376501668500455,0.10013921378198029
United States of America,Female,Prevalence,45-49 years,47.0,40-44 years,2004-2008,1959,681.5435259571292,506.8582897828769,916.432831695531,0.9593947384352421,0.7390684503893435,1.245403269010248,0.13311839922140606
United States of America,Female,Prevalence,50-54 years,52.0,40-44 years,2004-2008,1959,653.1026290556193,484.80153648841946,879.8302232475512,0.9193590755546233,0.7057025001619527,1.197701736370043,0.134940310942425
United States of America,Female,Prevalence,55-59 years,57.0,40-44 years,2004-2008,1959,627.0265094373196,463.7682199487736,847.7558975053888,0.8826522607910742,0.6742242676293281,1.1555131591731889,0.13743291354263446
United States of America,Female,Prevalence,60-64 years,62.0,40-44 years,2004-2008,1959,600.8504615819561,442.39603422593314,816.0590268738144,0.8458047791130741,0.642321693343696,1.1137499041118708,0.14040781492965757
United States of America,Female,Prevalence,65-69 years,67.0,40-44 years,2004-2008,1959,561.7559008807233,406.6434647707936,776.0353221271743,0.7907721738432542,0.5966981989474883,1.0479680214014127,0.14367267712171855
China,Male,DALYs,15-19 years,17.0,40-44 years,2004-2008,1959,126.92843760278586,93.69597016278684,171.9479316377582,0.3630244149741152,0.2810936047971326,0.46883573165035214,0.13050120605306217
China,Male,DALYs,20-24 years,22.0,40-44 years,2004-2008,1959,252.83813027355222,186.5971512100325,342.5942984963893,0.7231351465378069,0.5607688533522054,0.9325133466887099,0.12973843615101655
China,Male,DALYs,25-29 years,27.0,40-44 years,2004-2008,1959,323.68191657346523,239.04697917747325,438.2819790368,0.9257534451775491,0.7220581673269205,1.1869119138016417,0.12678685789449848
China,Male,DALYs,30-34 years,32.0,40-44 years,2004-2008,1959,354.03458236781313,261.81973695011715,478.7281775332017,1.0125642414892508,0.7902918172786464,1.297351586750897,0.12644845874403193
China,Male,DALYs,35-39 years,37.0,40-44 years,2004-2008,1959,355.93377176831734,265.95060001767723,476.36233900882297,1.0179960590871378,0.7953674601388117,1.3029398715105591,0.12591178775246983
China,Male,DALYs,40-44 years,42.0,40-44 years,2004-2008,1959,349.64160085992086,260.66547055923616,468.98904097122096,0.8498569996988752,0.7029216971198716,1.0275069369696879,0.09684826427220533
China,Male,DALYs,45-49 years,47.0,40-44 years,2004-2008,1959,339.5049201520429,252.02565974090996,457.34863238108176,0.9710083677601652,0.754304572013423,1.2499688921990013,0.12884635603010947
China,Male,DALYs,50-54 years,52.0,40-44 years,2004-2008,1959,330.83564638876874,244.98462262684558,446.77181672822513,0.9462136243945223,0.7307120687645929,1.225270884746062,0.13186166672474217
China,Male,DALYs,55-59 years,57.0,40-44 years,2004-2008,1959,324.225521799418,238.61313542235533,440.5549124528881,0.9273081950260106,0.710336639219739,1.210553477161118,0.13599335605490354
China,Male,DALYs,60-64 years,62.0,40-44 years,2004-2008,1959,317.12766082237994,231.84334312601948,433.78408843944766,0.9070078046846404,0.688757508668061,1.1944162457840066,0.14043969017218838
China,Male,DALYs,65-69 years,67.0,40-44 years,2004-2008,1959,301.689987809031,216.76871412988683,419.88000486858255,0.8628549550941422,0.6497684938626107,1.145821443426184,0.14470942358327968
United States of America,Male,DALYs,15-19 years,17.0,40-44 years,2004-2008,1959,177.0245529576688,130.30574183196245,240.49356466789035,0.37379260838682304,0.28711478327490186,0.48663782648505144,0.13460155257716638
United States of America,Male,DALYs,20-24 years,22.0,40-44 years,2004-2008,1959,374.0507929864015,275.25662694870965,508.3038228170502,0.7898193738864043,0.6069754787469381,1.0277427428438082,0.13434483973300554
United States of America,Male,DALYs,25-29 years,27.0,40-44 years,2004-2008,1959,468.92456049086735,345.055076593743,637.2612905807061,0.9901481555750068,0.763402378608679,1.2842419639501004,0.13268843260839455
United States of America,Male,DALYs,30-34 years,32.0,40-44 years,2004-2008,1959,493.981131349502,363.4346149333691,671.4202448054411,1.0430558501405056,0.8047723487600038,1.3518922564731184,0.13232171444309573
United States of America,Male,DALYs,35-39 years,37.0,40-44 years,2004-2008,1959,489.1107594206958,364.13046612583923,656.987967874171,1.03277191496504,0.7990378315279923,1.3348777570404557,0.13091497592875204
United States of America,Male,DALYs,40-44 years,42.0,40-44 years,2004-2008,1959,473.59029843220776,352.6857590533201,635.9422375633802,0.8286888680609801,0.6816990173099853,1.0073730819769064,0.0996206826077764
United States of America,Male,DALYs,45-49 years,47.0,40-44 years,2004-2008,1959,450.74719943590094,335.21024607003875,606.1062875651388,0.9517661171017918,0.7337239328722226,1.2346043260671125,0.13274820647036475
United States of America,Male,DALYs,50-54 years,52.0,40-44 years,2004-2008,1959,423.9846536798034,314.5795226536639,571.4389323232992,0.8952562058035807,0.6874434721735138,1.1658902971261689,0.13476037597436588
United States of America,Male,DALYs,55-59 years,57.0,40-44 years,2004-2008,1959,397.71780109105623,293.8571215241307,538.2869351073928,0.8397929653704422,0.6413042607254256,1.099715482769316,0.13757723553100407
United States of America,Male,DALYs,60-64 years,62.0,40-44 years,2004-2008,1959,371.2723939236753,272.8679696065991,505.16442325036854,0.7839527016341983,0.5947131246207934,1.033408904152626,0.14095384857126234
United States of America,Male,DALYs,65-69 years,67.0,40-44 years,2004-2008,1959,339.31184514112454,244.92967175375202,470.0636204209129,0.7164670523538936,0.5393536240255435,0.951741147630383,0.14487797551632173
China,Male,Incidence,15-19 years,17.0,40-44 years,2004-2008,1959,29.99776321845838,25.947804932340727,34.67984287908389,1.117004710891389,0.988512099595172,1.2621995468386573,0.06234955796684223
China,Male,Incidence,20-24 years,22.0,40-44 years,2004-2008,1959,40.69413441616009,35.19621889385531,47.050865914736605,1.51529764127641,1.341946308138805,1.7110423328653408,0.06198512940973331
China,Male,Incidence,25-29 years,27.0,40-44 years,2004-2008,1959,36.48830007644121,31.569106888791115,42.17401674233437,1.3586880722068067,1.206583330496659,1.5299674965650127,0.060574953939603
China,Male,Incidence,30-34 years,32.0,40-44 years,2004-2008,1959,31.113197253185202,26.93618500276252,35.93794159107282,1.1585393100681634,1.029167243003726,1.3041741680932577,0.06041327698590926
China,Male,Incidence,35-39 years,37.0,40-44 years,2004-2008,1959,27.892710843833715,24.267231224751107,32.05983043604095,1.0386204193025412,0.923103278949573,1.1685933741018757,0.06015687169963198
China,Male,Incidence,40-44 years,42.0,40-44 years,2004-2008,1959,26.855538679438197,23.339915487900576,30.90070990774075,1.131091285659454,1.033024976355946,1.2384671482075853,0.04627119281006995
China,Male,Incidence,45-49 years,47.0,40-44 years,2004-2008,1959,28.335628850767456,24.57586392138885,32.6705854547664,1.0551130323244078,0.9351881097974599,1.1904166651797077,0.06155892031257739
China,Male,Incidence,50-54 years,52.0,40-44 years,2004-2008,1959,29.651357701632065,25.68669781102019,34.2279502028064,1.104105862688745,0.9758530423461724,1.2492144853007634,0.06299954522807884
China,Male,Incidence,55-59 years,57.0,40-44 years,2004-2008,1959,30.787059378578792,26.59204734299504,35.6438529517668,1.1463951531961167,1.0093173655935577,1.3020898005640502,0.06497354233648217
China,Male,Incidence,60-64 years,62.0,40-44 years,2004-2008,1959,29.336537916552057,25.25883260881648,34.07253495273953,1.092383149216568,0.9577675849943863,1.2459191179447786,0.06709786727699535
China,Male,Incidence,65-69 years,67.0,40-44 years,2004-2008,1959,25.789843488405115,22.022062779030957,30.2022582457509,0.9603174896711706,0.8386167644193193,1.0996795200092397,0.06913781770250688
United States of America,Male,Incidence,15-19 years,17.0,40-44 years,2004-2008,1959,34.4294196789926,24.70567521355855,47.9802688728645,1.5012896059849787,1.1281423472113927,1.9978600099622,0.145791906438095
United States of America,Male,Incidence,20-24 years,22.0,40-44 years,2004-2008,1959,46.5959377177039,33.42581657999319,64.95522425297125,2.031808773686514,1.5276326802309383,2.7023818920955605,0.14551385128761082
United States of America,Male,Incidence,25-29 years,27.0,40-44 years,2004-2008,1959,37.564939335214135,26.945924561478996,52.36876040526052,1.6380134634631573,1.2358926753295891,2.170971768055053,0.14371973563358614
United States of America,Male,Incidence,30-34 years,32.0,40-44 years,2004-2008,1959,28.887820052169648,20.718097661456696,40.27909130474966,1.2596489975214045,0.9511542333773964,1.668200110220302,0.14332252966217743
United States of America,Male,Incidence,35-39 years,37.0,40-44 years,2004-2008,1959,25.492897307425807,18.518891560618616,35.093234981135595,1.1116139078415235,0.8418842077813135,1.467761799883628,0.14179883928907744
United States of America,Male,Incidence,40-44 years,42.0,40-44 years,2004-2008,1959,22.93322989897333,16.66508731690268,31.558972575303162,1.149098688068424,0.9300548902857196,1.4197310381486492,0.10790283588835621
United States of America,Male,Incidence,45-49 years,47.0,40-44 years,2004-2008,1959,22.865273420907233,16.5908231402889,31.512645526504162,0.9970367681148508,0.7521757971030953,1.321609018531947,0.14378447890827056
United States of America,Male,Incidence,50-54 years,52.0,40-44 years,2004-2008,1959,22.396113892562436,16.209768104085082,30.943435727635222,0.9765791382732817,0.7336018768374756,1.3000332243177626,0.14596393391787527
United States of America,Male,Incidence,55-59 years,57.0,40-44 years,2004-2008,1959,21.986607286416014,15.841342967905875,30.515777667743123,0.9587226650268005,0.7158942664837812,1.2839174602565622,0.14901497840486322
United States of America,Male,Incidence,60-64 years,62.0,40-44 years,2004-2008,1959,20.514284297899554,14.695945598740881,28.636187949083357,0.8945222451556174,0.6631837087333123,1.2065586602037908,0.15267231253672978
United States of America,Male,Incidence,65-69 years,67.0,40-44 years,2004-2008,1959,18.106094873121624,12.72033390744155,25.77217500263073,0.7895135117418499,0.580476023251741,1.0738283068629377,0.15692267917419675
China,Male,Prevalence,15-19 years,17.0,40-44 years,2004-2008,1959,192.04328766036457,140.5101321845379,262.4766183193441,0.3559806115245736,0.27358645836778966,0.4631888454473625,0.13431560056406006
China,Male,Prevalence,20-24 years,22.0,40-44 years,2004-2008,1959,383.7427789486798,280.70249819678446,524.6070887905701,0.7113239456714633,0.5475249851613522,0.9241254178318625,0.13353053580807828
China,Male,Prevalence,25-29 years,27.0,40-44 years,2004-2008,1959,493.40290848713465,361.1760874322025,674.0380622492397,0.9145952000253316,0.7081924633322577,1.181154026934241,0.13049268644157644
China,Male,Prevalence,30-34 years,32.0,40-44 years,2004-2008,1959,541.5633517610197,396.9864868539199,738.793066471688,1.0038676982042434,0.777849063947117,1.2955602856731072,0.1301443962877919
China,Male,Prevalence,35-39 years,37.0,40-44 years,2004-2008,1959,546.3119043959398,404.7370889597079,737.4088143289242,1.0126698421970344,0.7855193832934184,1.3055059252590167,0.12959203904361705
China,Male,Prevalence,40-44 years,42.0,40-44 years,2004-2008,1959,539.4768182398822,398.7542847981592,729.8610911868761,0.8517518398638273,0.7005910463180212,1.035527360111444,0.09967902345683267
China,Male,Prevalence,45-49 years,47.0,40-44 years,2004-2008,1959,526.6918956654832,387.59045884596236,715.7151230854921,0.9763012568063412,0.7528386557861346,1.2660935204586719,0.13261238124985797
China,Male,Prevalence,50-54 years,52.0,40-44 years,2004-2008,1959,516.2672545112129,378.95489726561965,703.3340379125015,0.9569776439988762,0.7334628963819791,1.2486060516913977,0.13571582587758158
China,Male,Prevalence,55-59 years,57.0,40-44 years,2004-2008,1959,508.5748006555775,370.94548402234045,697.2677630610625,0.9427185440791933,0.7165370398888293,1.2402963194877945,0.13996827955604876
China,Male,Prevalence,60-64 years,62.0,40-44 years,2004-2008,1959,500.8439977559429,362.81623130782816,691.382271360754,0.928388358539697,0.699344011062304,1.2324477376488845,0.14454457471326554
China,Male,Prevalence,65-69 years,67.0,40-44 years,2004-2008,1959,479.68070168295026,341.34357865200184,674.0820392043373,0.8891590620111811,0.664048700907551,1.1905811071930272,0.1489391073364046
United States of America,Male,Prevalence,15-19 years,17.0,40-44 years,2004-2008,1959,273.8050196116824,201.25398466154934,372.51033260598615,0.36641705792150153,0.28109990776178456,0.4776289732888408,0.13523573336713673
United States of America,Male,Prevalence,20-24 years,22.0,40-44 years,2004-2008,1959,582.1086723542328,427.74380659630765,792.1809765671369,0.7790015954314103,0.597919771955091,1.0149246005035302,0.13497781100977835
United States of America,Male,Prevalence,25-29 years,27.0,40-44 years,2004-2008,1959,733.1170066477814,538.6802954332653,997.735669918869,0.9810871147251842,0.7554900429909633,1.27404978478492,0.13331359965439377
United States of America,Male,Prevalence,30-34 years,32.0,40-44 years,2004-2008,1959,774.5365229440085,569.0230465455713,1054.2750931023143,1.036516402775927,0.7987501996885278,1.3450591356878485,0.13294515368127025
United States of America,Male,Prevalence,35-39 years,37.0,40-44 years,2004-2008,1959,768.6768787449682,571.4652590774467,1033.9458690296883,1.0286747876334283,0.7949063713622547,1.3311905110274285,0.13153178726015108
United States of America,Male,Prevalence,40-44 years,42.0,40-44 years,2004-2008,1959,747.24965361831,555.7093469696362,1004.809524758982,0.8335011609654939,0.6850272358885481,1.0141555677413325,0.10009004958002884
United States of America,Male,Prevalence,45-49 years,47.0,40-44 years,2004-2008,1959,714.6404290524675,530.7204850099941,962.2973999706785,0.9563610041062669,0.7363629214918344,1.2420863998993323,0.13337365514339045
United States of America,Male,Prevalence,50-54 years,52.0,40-44 years,2004-2008,1959,678.1063440681529,502.4205685588541,915.2256946495044,0.9074695997310223,0.6959551848840498,1.1832673889385303,0.13539530506735073
United States of America,Male,Prevalence,55-59 years,57.0,40-44 years,2004-2008,1959,641.9993151519371,473.67065055496124,870.1470529631894,0.859149699224706,0.6552529360576625,1.1264935493748724,0.13822543637446036
United States of America,Male,Prevalence,60-64 years,62.0,40-44 years,2004-2008,1959,605.2231928490484,444.16603089621,824.6806096884748,0.8099343906262844,0.6136238060008594,1.0690486755956334,0.14161795846691222
United States of America,Male,Prevalence,65-69 years,67.0,40-44 years,2004-2008,1959,558.9661628242612,402.8663034052312,775.5505202136534,0.7480313441667743,0.5623622166125736,0.9950008647921679,0.145560574098605
