location_name,sex_name,measure_name,year,val,lower,upper,fitted,residual_log,model_knots
China,Female,DALYs,1990,175.27341718732393,131.5414364375916,219.91064101128163,175.33870511865646,-0.00037242256005143304,1998
China,Female,DALYs,1991,175.50459640531432,131.1372509134992,219.74095862907595,175.53310626728796,-0.0001624319087056847,1998
China,Female,DALYs,1992,175.73938149510028,129.74132056283648,219.509707865756,175.72772295193906,6.63421584441437e-05,1998
China,Female,DALYs,1993,175.9172940260676,130.04536804263623,220.55109104292623,175.92255541157843,-2.990784312562056e-05,1998
China,Female,DALYs,1994,176.2763901629885,130.58098951844286,220.3833375538765,176.11760388543965,0.0009011861210854732,1998
China,Female,DALYs,1995,176.38830673033715,129.51482613470068,221.3325782514063,176.31286861302152,0.0004277735586937226,1998
China,Female,DALYs,1996,176.40358481514488,130.0976753041381,219.98991843537743,176.50834983408856,-0.0005937176487122997,1998
China,Female,DALYs,1997,176.7336058225633,131.17351756137995,222.21956370292077,176.70404778867066,0.00016726024326807476,1998
China,Female,DALYs,1998,176.85099885803174,131.83340951972042,220.85165191408936,176.89996271706426,-0.0002768267208503872,1998
China,Female,DALYs,1999,177.0503373583302,131.37197247787577,220.9829868775499,176.94886179806875,0.0005733095627489249,1998
China,Female,DALYs,2000,177.01472386225464,131.62343769291684,221.77968721297145,176.99777439586592,9.575631642988469e-05,1998
China,Female,DALYs,2001,177.21181117797266,132.2867651801458,220.8749481965032,177.04670051419197,0.0009321479670170163,1998
China,Female,DALYs,2002,177.08126475042494,132.18851317827546,220.7553368395559,177.09564015678458,-8.117641872384951e-05,1998
China,Female,DALYs,2003,177.13470614055805,132.39801755477623,222.12409744091576,177.144593327382,-5.5815774962830744e-05,1998
China,Female,DALYs,2004,177.08667036053336,130.5644168007118,222.7330317912746,177.1935600297237,-0.0006034187813188652,1998
China,Female,DALYs,2005,177.19040261152588,131.39427108757425,223.43198083155625,177.24254026754994,-0.00029420321924167325,1998
China,Female,DALYs,2006,177.08357922683112,131.41398706419554,219.42624684977915,177.29153404460277,-0.0011736424701060955,1998
China,Female,DALYs,2007,177.2685280218044,130.93725099514103,222.3372816340468,177.34054136462422,-0.00040615624374407133,1998
China,Female,DALYs,2008,177.2651619318366,131.5866645408128,222.06889771987295,177.389562231358,-0.0007015290994178969,1998
China,Female,DALYs,2009,177.5171391937506,131.0076070572923,223.8202537567008,177.43859664854878,0.0004425483999987989,1998
China,Female,DALYs,2010,177.5367157696848,131.23344770132925,222.3384013477362,177.48764461994202,0.00027643821399436774,1998
China,Female,DALYs,2011,177.62542830131346,131.61375554325724,221.78505251694148,177.53670614928473,0.0004996149379019599,1998
China,Female,DALYs,2012,177.6411087621761,130.02562459939185,223.9511542839936,177.58578124032442,0.000311505259630529,1998
China,Female,DALYs,2013,177.52659634986904,130.59265318922652,223.3807741602611,177.63486989680993,-0.0006097145134544846,1998
China,Female,DALYs,2014,177.54183549652976,130.95357649439907,223.32724366483427,177.68397212249084,-0.0008002607383703619,1998
China,Female,DALYs,2015,177.640520336365,130.31241071276523,224.65033802714376,177.73308792111828,-0.0005209592648185435,1998
China,Female,DALYs,2016,177.71747893127716,131.42224159813375,224.41717648001813,177.78221729644417,-0.0003642105271515206,1998
China,Female,DALYs,2017,177.82708530908045,131.33692027933884,225.0826688087533,177.83136025222103,-2.4039598632619175e-05,1998
China,Female,DALYs,2018,178.12676277047,131.86257973052764,224.42229810698663,177.880516792203,0.0013833763053394676,1998
China,Female,DALYs,2019,178.2023411338725,131.56044082178144,225.1006474391532,177.9296869201449,0.0015311976768206392,1998
China,Female,DALYs,2020,178.10295146317856,130.78610836507357,224.39973355577817,177.97887063980303,0.0006969231266280573,1998
China,Female,DALYs,2021,178.2173675206934,131.56685586571308,225.82308455176684,178.0280679549343,0.0010627481209581902,1998
China,Female,DALYs,2022,178.18347240095312,131.93640486328297,224.87460922887132,178.0772788692968,0.0005961562390623953,1998
China,Female,DALYs,2023,177.61177697861763,129.6486159303557,223.14257796807365,178.12650338664952,-0.0028938508766191973,1998
United States of America,Female,DALYs,1990,269.4807146176897,190.0374175951557,335.4177287828488,268.47290602279435,0.003746827738508429,"2010,2015"
United States of America,Female,DALYs,1991,268.90803854059664,189.9535643203384,333.09089904430624,268.504483106692,0.0015018463228981815,"2010,2015"
United States of America,Female,DALYs,1992,268.999897370078,190.9305830482139,332.6364939640097,268.536063904604,0.0017257769303240522,"2010,2015"
United States of America,Female,DALYs,1993,268.83597550712113,190.8152215948477,333.50039676795853,268.5676484169675,0.0009986055192285903,"2010,2015"
United States of America,Female,DALYs,1994,268.6273448028327,189.2929040705473,334.46905659025435,268.59923664421876,0.00010464172701141194,"2010,2015"
United States of America,Female,DALYs,1995,268.2076083139268,190.04869347044047,331.1372464511784,268.6308285867951,-0.0015767140780367228,"2010,2015"
United States of America,Female,DALYs,1996,268.1128317718701,189.17175241414844,332.1775587399952,268.66242424513337,-0.002047757079535195,"2010,2015"
United States of America,Female,DALYs,1997,268.09153583287986,190.1881394931616,330.7044490386924,268.6940236196707,-0.002244799731223601,"2010,2015"
United States of America,Female,DALYs,1998,267.930728238397,189.3278778048224,330.646632413053,268.72562671084415,-0.0029624136430879133,"2010,2015"
United States of America,Female,DALYs,1999,267.8256605443129,188.5105524863976,330.9860354246531,268.7572335190911,-0.003472246025891579,"2010,2015"
United States of America,Female,DALYs,2000,267.6177112544077,188.1451471519948,328.29472572912783,268.78884404484825,-0.004366593359891091,"2010,2015"
United States of America,Female,DALYs,2001,267.851362026526,189.54833462433595,328.9985626769906,268.82045828855314,-0.0036115081085652534,"2010,2015"
United States of America,Female,DALYs,2002,268.7681169434914,190.40755818216863,333.3985216255813,268.852076250643,-0.0003123368835362683,"2010,2015"
United States of America,Female,DALYs,2003,269.17243432737547,190.2969432168348,332.6971325969932,268.8836979315552,0.0010732576258316584,"2010,2015"
United States of America,Female,DALYs,2004,269.9618007073998,189.36061281486465,335.2103412389793,268.91532333172717,0.0038839232340217578,"2010,2015"
United States of America,Female,DALYs,2005,270.133037153141,189.7296725465536,333.1131929492984,268.9469524515966,0.004400410470886129,"2010,2015"
United States of America,Female,DALYs,2006,270.18490526737594,189.38568407245157,333.8273204163657,268.97858529160044,0.0044747910784739275,"2010,2015"
United States of America,Female,DALYs,2007,269.819451050855,189.95414826345765,333.81004124561576,269.0102218521765,0.003003657176937402,"2010,2015"
United States of America,Female,DALYs,2008,269.3433272039496,189.85247924779776,333.90117388526363,269.04186213376244,0.0011198863106347545,"2010,2015"
United States of America,Female,DALYs,2009,268.7398182139412,189.4988680056399,331.0712159919599,269.0735061367959,-0.0012409062794294101,"2010,2015"
United States of America,Female,DALYs,2010,267.9552509790738,188.46531850002808,331.5334539856158,269.10515386171454,-0.004282217156430512,"2010,2015"
United States of America,Female,DALYs,2011,265.8650779449273,186.60097084574485,329.8943403952823,265.48945852426044,0.0014138186745560333,"2010,2015"
United States of America,Female,DALYs,2012,262.0837657118509,185.36720506216145,324.659619791323,261.92234364907426,0.0006161075796606852,"2010,2015"
United States of America,Female,DALYs,2013,257.88553139735615,183.9694986706122,318.06153462802826,258.4031565093373,-0.00200517771371711,"2010,2015"
United States of America,Female,DALYs,2014,254.14882289831175,179.40978832866026,314.40122782810784,254.93125314826548,-0.0030739009553064633,"2010,2015"
United States of America,Female,DALYs,2015,252.07844780375035,177.72119825222651,310.4029693815868,251.50599826127345,0.00227350067510379,"2010,2015"
United States of America,Female,DALYs,2016,251.2684743319306,178.70184192816194,308.91523632021665,250.97142510625469,0.0011828978965837678,"2010,2015"
United States of America,Female,DALYs,2017,250.61537667774573,177.39929708699714,309.3719578177374,250.43798818043166,0.0007080623229640537,"2010,2015"
United States of America,Female,DALYs,2018,250.0651045308392,177.8175429145236,307.9789318283399,249.9056850687614,0.0006377151257508373,"2010,2015"
United States of America,Female,DALYs,2019,249.5356896057436,177.9569969513529,307.2325257537821,249.37451336133557,0.0006461132646977674,"2010,2015"
United States of America,Female,DALYs,2020,248.31600808597693,176.77835521044122,305.91463447294,248.84447065336664,-0.0021259242800804046,"2010,2015"
United States of America,Female,DALYs,2021,247.7122543569937,176.05567880430416,307.2157551447892,248.31555454517922,-0.002432526865812079,"2010,2015"
United States of America,Female,DALYs,2022,247.74249552589455,178.52396490131622,305.8309854198492,247.78776264219826,-0.0001827017248023921,"2010,2015"
United States of America,Female,DALYs,2023,247.86164747926725,176.80561033016937,305.02831248853687,247.26109255493824,0.0024258842112780954,"2010,2015"
China,Female,Incidence,1990,18.34535763107,15.44722119973,21.77862017745,18.367472637469973,-0.0012047564251020937,"2004,2015"
China,Female,Incidence,1991,18.36688061924,15.459467216360002,21.75428378242,18.37785905416056,-0.0005975513961895551,"2004,2015"
China,Female,Incidence,1992,18.3862735577,15.47011129257,21.73210630593,18.38825134414977,-0.00010756285537105725,"2004,2015"
China,Female,Incidence,1993,18.40537946575,15.48108979665,21.72061761991,18.398649510758815,0.0003657183875431791,"2004,2015"
China,Female,Incidence,1994,18.42266294983,15.51525370973,21.71113835271,18.40905355731082,0.0007390040122570163,"2004,2015"
China,Female,Incidence,1995,18.43528949441,15.55155666138,21.69843383782,18.41946348713075,0.0008588313295674332,"2004,2015"
China,Female,Incidence,1996,18.44231479079,15.52673131159,21.72331767222,18.42987930354548,0.0006745184560585926,"2004,2015"
China,Female,Incidence,1997,18.44696969099,15.49238114075,21.76161665759,18.440301009883743,0.0003615708645394733,"2004,2015"
China,Female,Incidence,1998,18.45313831433,15.50381144569,21.822201862510003,18.450728609476183,0.00013059362381806494,"2004,2015"
China,Female,Incidence,1999,18.461255215,15.5165218041,21.89075258873,18.46116210565529,5.043512937064065e-06,"2004,2015"
China,Female,Incidence,2000,18.47044852898,15.52585132682,21.93038065058,18.47160150175548,-6.242061687933287e-05,"2004,2015"
China,Female,Incidence,2001,18.47890190853,15.55276448996,21.94351295852,18.48204680111301,-0.00017017380237227542,"2004,2015"
China,Female,Incidence,2002,18.48610691361,15.576939950500002,21.92300717259,18.49249800706607,-0.0003456643934196535,"2004,2015"
China,Female,Incidence,2003,18.49368187295,15.60080057123,21.90209912799,18.502955122954695,-0.0005013023318807264,"2004,2015"
China,Female,Incidence,2004,18.49930475621,15.622257008840002,21.88362611596,18.51341815212085,-0.000762624064694073,"2004,2015"
China,Female,Incidence,2005,18.49982487861,15.64305961799,21.84126210677,18.50282573751863,-0.0001621969705003501,"2004,2015"
China,Female,Incidence,2006,18.49421071701,15.61533219225,21.84824075205,18.492239383344923,0.00010659761407705304,"2004,2015"
China,Female,Incidence,2007,18.48525555374,15.58669857773,21.85605413533,18.481659086132247,0.00019457764620822715,"2004,2015"
China,Female,Incidence,2008,18.47560389184,15.55873486202,21.86670860151,18.47108484241515,0.0002446254104064849,"2004,2015"
China,Female,Incidence,2009,18.46679729891,15.53164926105,21.8727153907,18.460516648730117,0.0003401628534018819,"2004,2015"
China,Female,Incidence,2010,18.45940755223,15.50395427964,21.88757712019,18.44995450161564,0.0005122305179514619,"2004,2015"
China,Female,Incidence,2011,18.447352143390003,15.47930988641,21.85781789795,18.439398397612187,0.000431252185916442,"2004,2015"
China,Female,Incidence,2012,18.42800950977,15.46631886039,21.8303172198,18.428848333262202,-4.551790583562365e-05,"2004,2015"
China,Female,Incidence,2013,18.40750198174,15.45017253198,21.785462161890003,18.418304305110123,-0.000586671400800487,"2004,2015"
China,Female,Incidence,2014,18.39232651687,15.43659469523,21.72763684878,18.407766309702332,-0.0008391171082666737,"2004,2015"
China,Female,Incidence,2015,18.38810121276,15.42373173404,21.68378890118,18.397234343587225,-0.0004965636918496941,"2004,2015"
China,Female,Incidence,2016,18.39604506144,15.444473524629998,21.75253898553,18.40299103652684,-0.0003775085385844257,"2004,2015"
China,Female,Incidence,2017,18.40968225841,15.45809525509,21.78482479806,18.408749530797728,5.0666341131044845e-05,"2004,2015"
China,Female,Incidence,2018,18.42456344649,15.4689067283,21.78456555625,18.414509826963556,0.000545812849384486,"2004,2015"
China,Female,Incidence,2019,18.43718645593,15.475567464930002,21.78318610846,18.42027192558815,0.0009178349388174745,"2004,2015"
China,Female,Incidence,2020,18.44443501912,15.47952262276,21.79304746107,18.426035827235513,0.0009980449389126456,"2004,2015"
China,Female,Incidence,2021,18.43823828659,15.480596926929998,21.79976783837,18.431801532469827,0.0003491590579862702,"2004,2015"
China,Female,Incidence,2022,18.42991677455,15.50316549332,21.77511347988,18.43756904185546,-0.0004151228241306981,"2004,2015"
China,Female,Incidence,2023,18.4221132549,15.40349009442,21.88439895793,18.44333835595696,-0.0011514902150802087,"2004,2015"
United States of America,Female,Incidence,1990,24.55491470791,20.8947144376,29.32199115684,24.539062813890475,0.0006457775625685613,"2010,2015"
United States of America,Female,Incidence,1991,24.57064849948,20.90288223507,29.32059232932,24.530198229953605,0.0016476407789962622,"2010,2015"
United States of America,Female,Incidence,1992,24.57674259107,20.90140105085,29.3146841803,24.5213368482926,0.0022569423052316573,"2010,2015"
United States of America,Female,Incidence,1993,24.5745057863,20.88507583531,29.30772379631,24.512478667750635,0.002527234143743673,"2010,2015"
United States of America,Female,Incidence,1994,24.56525129962,20.86398307708,29.30372404507,24.50362368717134,0.002511883342295018,"2010,2015"
United States of America,Female,Incidence,1995,24.5502205833,20.83993127656,29.30494983055,24.49477190539876,0.002261136100226935,"2010,2015"
United States of America,Female,Incidence,1996,24.51127474884,20.81270394345,29.25218370374,24.485923321277323,0.0010348114105895867,"2010,2015"
United States of America,Female,Incidence,1997,24.44335744325,20.75306484622,29.17722907249,24.47707793365192,-0.0013785852673877663,"2010,2015"
United States of America,Female,Incidence,1998,24.36761003934,20.68668527582,29.09757395539,24.46823574136781,-0.004120982971645759,"2010,2015"
United States of America,Female,Incidence,1999,24.30546284253,20.63501592923,29.03620801064,24.459396743270712,-0.0063133335496758924,"2010,2015"
United States of America,Female,Incidence,2000,24.27826772799,20.63372259419,29.01526120501,24.450560938206756,-0.0070715399042584615,"2010,2015"
United States of America,Female,Incidence,2001,24.301103005,20.65834329633,29.05933214958,24.441728325022456,-0.005770108397553653,"2010,2015"
United States of America,Female,Incidence,2002,24.35903530441,20.73413425538,29.16951362654,24.432898902564776,-0.0030276993843632027,"2010,2015"
United States of America,Female,Incidence,2003,24.428978171580003,20.82084540844,29.2891568478,24.424072669681095,0.00020082684012212582,"2010,2015"
United States of America,Female,Incidence,2004,24.487764940730003,20.89483464864,29.38952233289,24.415249625219182,0.0029656809218701063,"2010,2015"
United States of America,Female,Incidence,2005,24.51236718794,20.93400114552,29.44861673404,24.406429768027248,0.0043311607034945965,"2010,2015"
United States of America,Female,Incidence,2006,24.49787634634,20.89100434304,29.40244097269,24.39761309695392,0.00410113043379523,"2010,2015"
United States of America,Female,Incidence,2007,24.45957448828,20.82442083628,29.32687327822,24.388799610848213,0.0028977393111282446,"2010,2015"
United States of America,Female,Incidence,2008,24.40713108763,20.74379885443,29.227937806030003,24.3799893085596,0.0011126617701617825,"2010,2015"
United States of America,Female,Incidence,2009,24.34940652377,20.65920460128,29.11341784009,24.371182188937922,-0.0008938999791783253,"2010,2015"
United States of America,Female,Incidence,2010,24.29526361694,20.58046688874,28.99496309165,24.362378250833476,-0.002758648955431209,"2010,2015"
United States of America,Female,Incidence,2011,24.15137303936,20.4843881696,28.73277412637,24.092193100096924,0.0024533828521757783,"2010,2015"
United States of America,Female,Incidence,2012,23.87530057106,20.29241881247,28.30521609131,23.825004373392815,0.0021088425478872352,"2010,2015"
United States of America,Female,Incidence,2013,23.55289862653,20.06532810031,27.81914893969,23.560778839594438,-0.00033451912742732404,"2010,2015"
United States of America,Female,Incidence,2014,23.26990842344,19.86759055135,27.39874754097,23.299483636116978,-0.0012701568710751232,"2010,2015"
United States of America,Female,Incidence,2015,23.11180606192,19.76687810005,27.176168036790003,23.041086264830252,0.003064590272583878,"2010,2015"
United States of America,Female,Incidence,2016,23.04879355567,19.74428117195,27.12941195513,23.02302714861735,0.0011185322978413126,"2010,2015"
United States of America,Female,Incidence,2017,22.994702339,19.72788868034,27.09191603882,23.004982186757864,-0.00044695297522023836,"2010,2015"
United States of America,Female,Incidence,2018,22.95014004778,19.71389458445,27.058564697700003,22.986951368157936,-0.0016026843286214287,"2010,2015"
United States of America,Female,Incidence,2019,22.91579227656,19.68007064559,27.03428048405,22.968934681732367,-0.0023163450000156516,"2010,2015"
United States of America,Female,Incidence,2020,22.89220103631,19.62901810274,27.02907444101,22.95093211640466,-0.0025622643212792617,"2010,2015"
United States of America,Female,Incidence,2021,22.88202141896,19.6421482191,27.03694976899,22.932943661106993,-0.0022229532654862716,"2010,2015"
United States of America,Female,Incidence,2022,22.88766539089,19.59569713865,27.08053516496,22.91496930478022,-0.001192242206409233,"2010,2015"
United States of America,Female,Incidence,2023,23.03579326505,19.64945729368,27.07250696422,22.897009036373877,0.006042942910338134,"2010,2015"
China,Female,Prevalence,1990,276.90029239308,233.24618241484004,329.6091622691,276.9819889750651,-0.0002949961944107571,"2007,2018"
China,Female,Prevalence,1991,276.94916923532,233.46729211739,330.09729021043,277.05778837813625,-0.00039212194978865966,"2007,2018"
China,Female,Prevalence,1992,277.01559798184,233.65552394615,329.51263565956003,277.1336085246121,-0.0004259161365585129,"2007,2018"
China,Female,Prevalence,1993,277.09881737032003,233.58643631562,328.98285187292,277.2094494201694,-0.0003991715727389433,"2007,2018"
China,Female,Prevalence,1994,277.19277521666,233.40434683725,329.14774206017,277.2853110704866,-0.00033377641776777267,"2007,2018"
China,Female,Prevalence,1995,277.27207979671005,233.22109644355,329.19303064653,277.361193481243,-0.0003213427307491301,"2007,2018"
China,Female,Prevalence,1996,277.39045849985,233.41645397566003,329.56138352625,277.4370966581202,-0.00016811767168523062,"2007,2018"
China,Female,Prevalence,1997,277.58313115753003,233.42217485142,330.14845214175,277.5130206068011,0.0002526068713644136,"2007,2018"
China,Female,Prevalence,1998,277.81095142946,233.88122450393,330.54143554976,277.5889653329701,0.0007993739343881145,"2007,2018"
China,Female,Prevalence,1999,278.01621770125,233.90308271362,329.58616053006,277.6649308423132,0.0012643470330209183,"2007,2018"
China,Female,Prevalence,2000,278.1289174789,233.74044331328,329.63262415599,277.74091714051804,0.0013960117179605547,"2007,2018"
China,Female,Prevalence,2001,278.11702585665,234.3130829444,329.10397433648,277.8169242332737,0.0010796306017208934,"2007,2018"
China,Female,Prevalence,2002,278.03093998887005,234.77111980687,329.70935745056,277.8929521262711,0.0004964271814538179,"2007,2018"
China,Female,Prevalence,2003,277.93577421439,234.83587842707,330.77165616243,277.969000825202,-0.00011954065639852018,"2007,2018"
China,Female,Prevalence,2004,277.86868085887,234.60950936901,331.25784929554,278.0450703357604,-0.0006345929829247865,"2007,2018"
China,Female,Prevalence,2005,277.85468733323,234.2997499917,331.34778764426,278.12116066364166,-0.0009585788727202171,"2007,2018"
China,Female,Prevalence,2006,277.93100277389,234.35015370846,331.45604015946,278.1972718145427,-0.0009575814543731909,"2007,2018"
China,Female,Prevalence,2007,278.09137296797,234.48714046736,330.83219404199,278.27340379416194,-0.0006543578612090428,"2007,2018"
China,Female,Prevalence,2008,278.30636811519,234.6056367536,330.28606101937004,278.3789741559247,-0.00026085127677433206,"2007,2018"
China,Female,Prevalence,2009,278.51882753679,234.62944496074,330.03634036934,278.4845845685911,0.00012295424946362488,"2007,2018"
China,Female,Prevalence,2010,278.65902168162,234.59992144108,330.50003092093,278.59023504735603,0.0002468792332432912,"2007,2018"
China,Female,Prevalence,2011,278.74801831264,234.58602663038,330.95765390498,278.6959256074186,0.00018689845298780483,"2007,2018"
China,Female,Prevalence,2012,278.84764858283,234.5582779939,331.16995652058,278.80165626398525,0.00016495069051192246,"2007,2018"
China,Female,Prevalence,2013,278.95820420687,234.461982222,331.52783480695,278.90742703226755,0.00018204087830220317,"2007,2018"
China,Female,Prevalence,2014,279.0636870608,234.34758592671,331.65084061279003,279.01323792748303,0.00018079634256729094,"2007,2018"
China,Female,Prevalence,2015,279.13834944969,234.35781691034,331.71102510939,279.1190889648551,6.900216107208479e-05,"2007,2018"
China,Female,Prevalence,2016,279.1934174338,234.14089215665,331.77013689505003,279.2249801596123,-0.00011304328790728846,"2007,2018"
China,Female,Prevalence,2017,279.24803417755,233.99603965028,331.82185865163,279.3309115269896,-0.00029674355141739994,"2007,2018"
China,Female,Prevalence,2018,279.29943369808,233.96778227654,331.44245812017,279.4368830822278,-0.0004920009055879859,"2007,2018"
China,Female,Prevalence,2019,279.3416516949,233.95111433574,331.15420083302,279.36792046477365,-9.403372056571158e-05,"2007,2018"
China,Female,Prevalence,2020,279.36627567966,233.90244415421,330.97159967637003,279.2989748667002,0.0002409343098381811,"2007,2018"
China,Female,Prevalence,2021,279.36637841349,233.61442401003,331.56701658528,279.2300462838068,0.00048812389898156283,"2007,2018"
China,Female,Prevalence,2022,279.32341776059,233.86366799534,331.19102201912,279.1611347118942,0.0005811550294270162,"2007,2018"
China,Female,Prevalence,2023,278.85919351501,234.44465743948,331.61728314358,279.0922401467643,-0.000835365342740424,"2007,2018"
United States of America,Female,Prevalence,1990,435.1880400926101,361.33163503976,517.16221686159,434.03372145634836,0.0026559834691104456,"2010,2015"
United States of America,Female,Prevalence,1991,434.82937908548,361.11546516825,516.60800862894,433.9216679045331,0.0020896930470684083,"2010,2015"
United States of America,Female,Prevalence,1992,434.4399680863,361.14562351296,516.11311198387,433.80964328134246,0.0014519440203359935,"2010,2015"
United States of America,Female,Prevalence,1993,434.0549666716301,361.14799363755,515.69756089678,433.6976475793074,0.0008235506448501795,"2010,2015"
United States of America,Female,Prevalence,1994,433.70851926144,361.15821234806,515.38175449993,433.58568079096204,0.00028326828725955266,"2010,2015"
United States of America,Female,Prevalence,1995,433.43600175232,361.21486676824,515.1877547232899,433.4737429088411,-8.707055556200771e-05,"2010,2015"
United States of America,Female,Prevalence,1996,433.02990107428,360.82140334767,514.98976818078,433.3618339254827,-0.0007662419989342695,"2010,2015"
United States of America,Female,Prevalence,1997,432.38648839527,360.26650282688,514.50990358538,433.2499538334253,-0.001994984689674517,"2010,2015"
United States of America,Female,Prevalence,1998,431.6960983313001,359.4417155503,513.9743317191701,433.1381026252109,-0.0033347562541932163,"2010,2015"
United States of America,Female,Prevalence,1999,431.14897880118,358.67912921485,513.61050942745,433.0262802933818,-0.004344730829878962,"2010,2015"
United States of America,Female,Prevalence,2000,430.93607870005,358.66450919842,513.6519197588,432.91448683048384,-0.0045804486756768625,"2010,2015"
United States of America,Female,Prevalence,2001,431.29856351893,359.03171236237,514.13944280948,432.80272222906325,-0.0034814442570541004,"2010,2015"
United States of America,Female,Prevalence,2002,432.1325354853,359.74187352542003,515.3794018388601,432.6909864816697,-0.0012914798448599996,"2010,2015"
United States of America,Female,Prevalence,2003,433.11544444097,360.34442158768,515.8918292303699,432.5792795808532,0.0012386928412402298,"2010,2015"
United States of America,Female,Prevalence,2004,433.92172485544006,360.69902190955,516.0555991551499,432.46760151916726,0.0033567465743109537,"2010,2015"
United States of America,Female,Prevalence,2005,434.22906802042,360.64240980664,515.6907083364899,432.35595228916577,0.004322988753454382,"2010,2015"
United States of America,Female,Prevalence,2006,433.98045588005,360.9615555061701,516.8443973598501,432.2443318834061,0.004008489126231751,"2010,2015"
United States of America,Female,Prevalence,2007,433.36580712136,360.94018169711,517.6060826358399,432.132740294446,0.002849381237820303,"2010,2015"
United States of America,Female,Prevalence,2008,432.46473916796,360.64701035095,516.22180219063,432.0211775148467,0.00102618604532001,"2010,2015"
United States of America,Female,Prevalence,2009,431.34613471026006,360.15333841443004,514.62143325409,431.9096435371697,-0.0013055433190212185,"2010,2015"
United States of America,Female,Prevalence,2010,430.07895772541,359.52978008388,512.96946484364,431.7981383539801,-0.0039893922613538635,"2010,2015"
United States of America,Female,Prevalence,2011,426.91053322944,356.32713480485,508.08268123782005,426.19708318494224,0.0016725913521273839,"2010,2015"
United States of America,Female,Prevalence,2012,421.18490898276,351.63585884443995,500.20879845818,420.6686819164655,0.0012264059607955957,"2010,2015"
United States of America,Female,Prevalence,2013,414.62067288757,346.80668489976,491.38574629758,415.2119921208999,-0.0014251531865348,"2010,2015"
United States of America,Female,Prevalence,2014,408.93632103551,341.91866190797003,483.62946153902,409.82608359526165,-0.002173433721370799,"2010,2015"
United States of America,Female,Prevalence,2015,405.84745395247006,339.03293189855,478.9322188688,404.510038202667,0.0033008073030700302,"2010,2015"
United States of America,Female,Prevalence,2016,404.73931045516,338.18712380609,478.00938521946,404.2280914256312,0.0012638805875040404,"2010,2015"
United States of America,Female,Prevalence,2017,403.84841026946,337.54233448698,477.39821977469,403.9463411677862,-0.00024246480589695807,"2010,2015"
United States of America,Female,Prevalence,2018,403.16494043235,337.0832706998,477.11304601698,403.6647872921551,-0.001239039431932376,"2010,2015"
United States of America,Female,Prevalence,2019,402.67997925326,336.57550831991,477.13031498737007,403.38342966185894,-0.0017453976434165241,"2010,2015"
United States of America,Female,Prevalence,2020,402.38527902662,335.68577265612,477.3911996323701,403.1022681401128,-0.001780261669790839,"2010,2015"
United States of America,Female,Prevalence,2021,402.48875181116,336.84007569576,477.26200158451,402.82130259022745,-0.0008258950603003967,"2010,2015"
United States of America,Female,Prevalence,2022,402.75014803638,337.74897912623,477.51659074791,402.54053287560885,0.000520595035988336,"2010,2015"
United States of America,Female,Prevalence,2023,403.27353450435,336.95953658544,477.09964003767,402.2599588597583,0.002516533919076025,"2010,2015"
China,Female,YLDs,1990,175.27342174442998,131.54143985766,219.91064672895,175.3387096774589,-0.0003724225600452158,1998
China,Female,YLDs,1991,175.50460096843,131.13725432306,219.74096434234,175.53311083114448,-0.00016243190870302016,1998
China,Female,YLDs,1992,175.73938606432,129.74132393611,219.50971357300003,175.7277275208553,6.634215844592006e-05,1998
China,Female,YLDs,1993,175.91729859991,130.04537142381,220.55109677725,175.92255998556,-2.9907843139831414e-05,1998
China,Female,YLDs,1994,176.27639474616998,130.58099291354,220.38334328384,176.11760846449215,0.000901186121089026,1998
China,Female,YLDs,1995,176.38831131643,129.51482950208,221.33258400605,176.3128731971506,0.00042777355870704525,1998
China,Female,YLDs,1996,176.40358940163,130.09767868667,219.98992415511,176.50835442329966,-0.000593717648723846,1998
China,Female,YLDs,1997,176.73361041763,131.17352097189,222.21956948062,176.7040523829696,0.00016726024326363387,1998
China,Female,YLDs,1998,176.85100345615,131.83341294738,220.85165765623,176.89996731645667,-0.0002768267208566044,1998
China,Female,YLDs,1999,177.05034196162998,131.37197589354,220.9829926231,176.94886639873252,0.0005733095627356022,1998
China,Female,YLDs,2000,177.01472846463,131.62344111512,221.77969297924,176.99777899780156,9.575631642455562e-05,1998
China,Female,YLDs,2001,177.21181578548,132.2867686196,220.87495393925,177.04670511739985,0.0009321479670534316,1998
China,Female,YLDs,2002,177.08126935453,132.18851661517,220.75534257919,177.09564476126505,-8.117641873273129e-05,1998
China,Female,YLDs,2003,177.13471074606,132.39802099712,222.12410321614,177.14459793313526,-5.581577492996814e-05,1998
China,Female,YLDs,2004,177.08667496478,130.56442019538,222.73303758233,177.19356463675024,-0.0006034187813233061,1998
China,Female,YLDs,2005,177.19040721847,131.39427450382,223.43198664078,177.24254487585014,-0.0002942032192443378,1998
China,Female,YLDs,2006,177.083583831,131.41399048095002,219.42625255486,177.2915386541768,-0.0011736424700972137,1998
China,Female,YLDs,2007,177.26853263078,130.9372543995,222.33728741481,177.34054597547242,-0.0004061562437458477,1998
China,Female,YLDs,2008,177.26516654073,131.58666796206,222.06890349366,177.3895668434809,-0.0007015290993903633,1998
China,Female,YLDs,2009,177.51714380919,131.00761046349,223.82025957602,177.4386012619466,0.0004425483999961344,1998
China,Female,YLDs,2010,177.53672038563,131.23345111339,222.33840712853,177.4876492346154,0.0002764382139712751,1998
China,Female,YLDs,2011,177.62543291957,131.61375896521,221.78505828335005,177.5367107652337,0.0004996149379064008,1998
China,Female,YLDs,2012,177.64111338084,130.02562798005,223.95116010672,177.5857858575495,0.00031150525963319353,1998
China,Female,YLDs,2013,177.52660096556,130.59265658463,223.38077996816,177.6348745153113,-0.0006097145134278392,1998
China,Female,YLDs,2014,177.54184011261,130.95357989918998,223.32724947134,177.68397674226935,-0.000800260738385461,1998
China,Female,YLDs,2015,177.64052495501,130.31241410088,224.65034386805,177.7330925421738,-0.0005209592648398598,1998
China,Female,YLDs,2016,177.71748355193,131.42224501511,224.41718231486,177.78222191877705,-0.000364210527133757,1998
China,Female,YLDs,2017,177.82708993258,131.33692369409002,225.0826746609,177.83136487583164,-2.4039598631730996e-05,1998
China,Female,YLDs,2018,178.12676740176,131.86258315895,224.42230394196,177.88052141709184,0.0013833763053323622,1998
China,Female,YLDs,2019,178.20234576713,131.56044424235,225.10065329177,177.92969154631228,0.0015311976768268565,1998
China,Female,YLDs,2020,178.10295609385,130.78611176551,224.39973939017,177.97887526724935,0.0006969231266227283,1998
China,Female,YLDs,2021,178.21737215434,131.56685928645,225.82309042316,178.02807258365976,0.0010627481209546374,1998
China,Female,YLDs,2022,178.18347703372,131.93640829362,224.87461507561,178.0772834993019,0.0005961562390668362,1998
China,Female,YLDs,2023,177.61178159652,129.64861930121,223.14258376978,178.1265080179346,-0.0028938508766191973,1998
United States of America,Female,YLDs,1990,269.48072162418003,190.03742253612,335.41773750371004,268.47291300308535,0.0037468277384951065,"2010,2015"
United States of America,Female,YLDs,1991,268.9080455322,189.95356925913,333.09090770466,268.504490087804,0.0015018463228937406,"2010,2015"
United States of America,Female,YLDs,1992,268.99990436407,190.9305880124,332.63650261255003,268.53607088653735,0.0017257769303204995,"2010,2015"
United States of America,Female,YLDs,1993,268.83598249685,190.81522655604,333.50040543896,268.5676553997218,0.0009986055192214849,"2010,2015"
United States of America,Female,YLDs,1994,268.62735178714,189.29290899216,334.46906528645,268.59924362779435,0.00010464172701496466,"2010,2015"
United States of America,Female,YLDs,1995,268.20761528732,190.0486984117,331.13725506074,268.6308355711923,-0.0015767140780384992,"2010,2015"
United States of America,Female,YLDs,1996,268.1128387428,189.17175733261,332.17756737661,268.66243123035207,-0.002047757079533419,"2010,2015"
United States of America,Female,YLDs,1997,268.09154280326,190.18814443805,330.704457637,268.69403060571096,-0.002244799731206726,"2010,2015"
United States of America,Female,YLDs,1998,267.93073520459,189.32788272734,330.64664100986,268.7256336977063,-0.0029624136430950188,"2010,2015"
United States of America,Female,YLDs,1999,267.82566750778,188.51055738767,330.98604403029,268.75724050677485,-0.0034722460258755916,"2010,2015"
United States of America,Female,YLDs,2000,267.61771821246003,188.14515204376,328.29473426479,268.78885103335386,-0.004366593359905302,"2010,2015"
United States of America,Female,YLDs,2001,267.85136899066003,189.54833955259,328.99857123095,268.82046527788094,-0.0036115081085545953,"2010,2015"
United States of America,Female,YLDs,2002,268.76812393146,190.40756313276,333.39853029394,268.8520832407929,-0.00031233688353005107,"2010,2015"
United States of America,Female,YLDs,2003,269.17244132585,190.29694816455,332.69714124711,268.8837049225273,0.0010732576258138948,"2010,2015"
United States of America,Female,YLDs,2004,269.9618077264,189.36061773824,335.21034995444,268.91533032352174,0.003883923234011988,"2010,2015"
United States of America,Female,YLDs,2005,270.13304417660004,189.72967747952,333.11320161024,268.94695944421323,0.004400410470901228,"2010,2015"
United States of America,Female,YLDs,2006,270.18491229218,189.38568899647,333.82732909587,268.97859228503955,0.004474791078476592,"2010,2015"
United States of America,Female,YLDs,2007,269.81945806616,189.95415320226,333.81004992467,269.0102288464384,0.0030036571769489484,"2010,2015"
United States of America,Female,YLDs,2008,269.34333420687,189.85248418396,333.90118256669,269.041869128847,0.001119886310626761,"2010,2015"
United States of America,Female,YLDs,2009,268.73982520117,189.49887293261,331.07122459981,269.07351313270317,-0.00124090627943918,"2010,2015"
United States of America,Female,YLDs,2010,267.95525794591,188.46532340012,331.53346260548,269.1051608584449,-0.004282217156418078,"2010,2015"
United States of America,Female,YLDs,2011,265.86508485741,186.60097569737,329.89434897253,265.489465426983,0.0014138186745338288,"2010,2015"
United States of America,Female,YLDs,2012,262.08377252602,185.3672098817,324.65962823247,261.9223504590523,0.0006161075796375926,"2010,2015"
United States of America,Female,YLDs,2013,257.88553810238,183.96950345381,318.06154289762,258.4031632278173,-0.0020051777137091165,"2010,2015"
United States of America,Female,YLDs,2014,254.14882950618,179.40979299331002,314.40123600254,254.93125977647642,-0.003073900955304687,"2010,2015"
United States of America,Female,YLDs,2015,252.07845435779,177.72120287297,310.40297745206,251.50600480042823,0.002273500675108231,"2010,2015"
United States of America,Female,YLDs,2016,251.26848086491003,178.7018465744,308.91524435201,250.97143163151037,0.0011828978965864323,"2010,2015"
United States of America,Female,YLDs,2017,250.61538319374003,177.39930169937,309.3719658614,250.43799469181752,0.0007080623229498428,"2010,2015"
United States of America,Female,YLDs,2018,250.06511103253,177.81754753777,307.97893983579,249.90569156630715,0.0006377151257508373,"2010,2015"
United States of America,Female,YLDs,2019,249.53569609367,177.95700157823,307.23253374182,249.37451984507044,0.0006461132647022083,"2010,2015"
United States of America,Female,YLDs,2020,248.31601454219,176.77835980667,305.91464242672,248.84447712331996,-0.0021259242800812927,"2010,2015"
United States of America,Female,YLDs,2021,247.71226079751,176.05568338175,307.21576313239,248.3155610013805,-0.0024325268658085264,"2010,2015"
United States of America,Female,YLDs,2022,247.74250196719,178.52396954293,305.83099337145,247.78776908467674,-0.0001827017248272611,"2010,2015"
United States of America,Female,YLDs,2023,247.86165392367,176.80561492711,305.02832041927,247.2610989837229,0.0024258842112931944,"2010,2015"
China,Male,DALYs,1990,207.24980956684453,151.97094845504552,258.3372852445434,207.3159671703953,-0.00031916577693902326,"1995,2000"
China,Male,DALYs,1991,207.6173399738649,152.3049857105828,258.4799926892305,207.67071720247864,-0.0002570612276722173,"1995,2000"
China,Male,DALYs,1992,208.10453472933145,152.879507425895,259.23449730731534,208.0260742673293,0.0003770953697497248,"1995,2000"
China,Male,DALYs,1993,208.54291405484324,154.52926804631196,261.07994676143375,208.38203940367526,0.000771719983740482,"1995,2000"
China,Male,DALYs,1994,208.72804083270137,154.70498996579116,261.37580604582445,208.7386136520221,-5.0652281849750125e-05,"1995,2000"
China,Male,DALYs,1995,209.0636580504319,155.68684086334082,261.9162825812448,209.09579805465532,-0.00015372128415336306,"1995,2000"
China,Male,DALYs,1996,209.15736463609068,155.19921498742124,262.59385578332075,209.00273597293304,0.0007395668308882719,"1995,2000"
China,Male,DALYs,1997,208.8857292908356,153.54300179914424,260.81131561058794,208.90971531026906,-0.00011482183336219975,"1995,2000"
China,Male,DALYs,1998,208.4908952277685,152.89149115314734,260.2724425614167,208.81673604822907,-0.0015616339710025073,"1995,2000"
China,Male,DALYs,1999,208.44604490146705,153.98865556488278,259.5643684758597,208.7237981683871,-0.0013316077975256135,"1995,2000"
China,Male,DALYs,2000,208.44345552447044,153.96921205160322,260.83329109782966,208.63090165232487,-0.0008988619762861916,"1995,2000"
China,Male,DALYs,2001,208.51352859780587,152.8249508590018,257.96746484545866,208.6814838114822,-0.0008051640971453722,"1995,2000"
China,Male,DALYs,2002,208.70874210449688,154.64146952247083,261.573464417741,208.73207823418633,-0.00011180569113911076,"1995,2000"
China,Male,DALYs,2003,208.78225995945343,153.90711769150215,261.7321620070968,208.78268492341053,-2.0354388574617133e-06,"1995,2000"
China,Male,DALYs,2004,209.0576043179419,154.63323887636182,260.40325162469134,208.8333038821288,0.001073488094388786,"1995,2000"
China,Male,DALYs,2005,209.11505019967643,154.27658579215884,261.6913758175381,208.88393511331603,0.0011058166073709685,"1995,2000"
China,Male,DALYs,2006,209.1498673638339,154.54823972799824,262.556254496102,208.93457861994727,0.0010298817140110827,"1995,2000"
China,Male,DALYs,2007,209.15889430943272,154.590055402566,261.8268104416405,208.9852344049989,0.0008306222782668016,"1995,2000"
China,Male,DALYs,2008,209.32472123778587,155.5175870965447,260.9083402830019,209.0359024714476,0.001380716997984699,"1995,2000"
China,Male,DALYs,2009,209.27668116415632,154.20726324921833,262.7042033821886,209.0865828222713,0.0009087717365838799,"1995,2000"
China,Male,DALYs,2010,209.2218129359716,154.8743059064282,263.85609416116216,209.1372754604482,0.0004041383539581389,"1995,2000"
China,Male,DALYs,2011,209.06640184820552,154.52644118089597,262.0655778506349,209.1879803889575,-0.0005813617231025248,"1995,2000"
China,Male,DALYs,2012,209.17251646314088,154.06326819764286,261.2621274706512,209.23869761077862,-0.0003163450020631231,"1995,2000"
China,Male,DALYs,2013,209.14809416421872,153.03602541397638,261.2406847600412,209.28942712889219,-0.0006755272309773019,"1995,2000"
China,Male,DALYs,2014,209.09022884460856,153.61419908355728,261.9079077939522,209.34016894627945,-0.0011946557072173292,"1995,2000"
China,Male,DALYs,2015,209.0753752101842,154.17785612091745,261.97106557912144,209.39092306592232,-0.0015081162657315517,"1995,2000"
China,Male,DALYs,2016,209.26340575499225,154.46927950980873,262.7785988825696,209.44168949080333,-0.0008515957823771458,"1995,2000"
China,Male,DALYs,2017,209.50872592637907,152.19541371231375,262.885869646078,209.49246822390614,7.760217731167529e-05,"1995,2000"
China,Male,DALYs,2018,209.75515660095977,153.80302677281804,262.2482790315293,209.54325926821494,0.0010107233548426464,"1995,2000"
China,Male,DALYs,2019,210.0402424143799,156.44757402640982,262.17152443509354,209.59406262671413,0.00212651802030539,"1995,2000"
China,Male,DALYs,2020,210.0792161088028,154.4785446771076,261.18100812954293,209.64487830238946,0.0020696355879170625,"1995,2000"
China,Male,DALYs,2021,209.7987789834989,154.60195643444763,261.59146324967026,209.69570629822724,0.0004914137895122295,"1995,2000"
China,Male,DALYs,2022,209.63512678989787,153.86306248566265,262.2083096817631,209.74654661721442,-0.0005313528797428191,"1995,2000"
China,Male,DALYs,2023,209.1412946881056,154.26520770529277,260.5666300417896,209.79739926233856,-0.003132224929891514,"1995,2000"
United States of America,Male,DALYs,1990,281.19895976143107,202.4422217345952,346.5631887911838,280.92503669220935,0.0009746002399184661,"2009,2017"
United States of America,Male,DALYs,1991,281.17503191331826,201.6459335741777,347.12786518499576,280.9990043631932,0.0006262386539361842,"2009,2017"
United States of America,Male,DALYs,1992,281.1780549497299,201.8444189648825,349.3167202782249,281.0729915098932,0.0003737243059704909,"2009,2017"
United States of America,Male,DALYs,1993,281.0816137642352,200.73163304613476,346.4305908068601,281.1469981374379,-0.00023258998959985178,"2009,2017"
United States of America,Male,DALYs,1994,281.2005463398549,200.1988536221277,348.8095334346576,281.221024250956,-7.282050398149664e-05,"2009,2017"
United States of America,Male,DALYs,1995,281.27825429140904,200.9982705656957,347.59156918415715,281.2950698555788,-5.978087994229497e-05,"2009,2017"
United States of America,Male,DALYs,1996,281.3655871877486,201.71272649354577,350.44814153583326,281.3691349564379,-1.2609027129961703e-05,"2009,2017"
United States of America,Male,DALYs,1997,281.36917602476694,200.17027957593257,348.917941454774,281.4432195586665,-0.00026311977102100315,"2009,2017"
United States of America,Male,DALYs,1998,281.22689738502095,199.9328898131168,347.0664257949627,281.51732366739986,-0.001032178731646738,"2009,2017"
United States of America,Male,DALYs,1999,281.3962048259405,201.531235687234,348.8619272790028,281.5914472877737,-0.0006935941451908789,"2009,2017"
United States of America,Male,DALYs,2000,281.3763280196945,200.4201045372793,348.49206203287144,281.66559042492526,-0.0010274987392735468,"2009,2017"
United States of America,Male,DALYs,2001,281.4651567616994,200.7448930588279,349.63740444220485,281.73975308399383,-0.000975120561815146,"2009,2017"
United States of America,Male,DALYs,2002,281.673605960779,204.0206994051772,347.28640351312794,281.81393527011903,-0.0004980742322517884,"2009,2017"
United States of America,Male,DALYs,2003,281.86076082562533,200.81629647440676,347.6898845584452,281.8881369884428,-9.712183188348433e-05,"2009,2017"
United States of America,Male,DALYs,2004,282.2602069134176,202.6322454119971,348.47091730221524,281.96235824410775,0.0010557844204406308,"2009,2017"
United States of America,Male,DALYs,2005,282.3926853395554,200.78074735277204,348.82329758916165,282.03659904225776,0.0012617571568043218,"2009,2017"
United States of America,Male,DALYs,2006,282.35545551984177,200.8033741574156,347.5622924615416,282.110859388039,0.0008666456816008861,"2009,2017"
United States of America,Male,DALYs,2007,282.14949041780574,200.83049643233815,348.6192384895296,282.1851392865978,-0.00012633946939644147,"2009,2017"
United States of America,Male,DALYs,2008,282.1362377203964,200.80476678251264,349.0332907554194,282.2594387430829,-0.00043657678391628707,"2009,2017"
United States of America,Male,DALYs,2009,281.85652025356967,200.62253922250127,347.7588933505212,282.33375776264364,-0.0016917612425917383,"2009,2017"
United States of America,Male,DALYs,2010,281.4191996936053,199.49938159395992,347.0361555213907,281.11163996145694,0.001093485871754396,"2009,2017"
United States of America,Male,DALYs,2011,280.49840847857394,199.3797098483812,347.07263030624546,279.89481225356906,0.002154189009043961,"2009,2017"
United States of America,Male,DALYs,2012,278.95438820923573,198.84673321486088,343.1527454416267,278.6832517401342,0.000972446876049915,"2009,2017"
United States of America,Male,DALYs,2013,277.306950546476,198.1130785739022,344.1432944570973,277.4769356214274,-0.0006127974676584103,"2009,2017"
United States of America,Male,DALYs,2014,275.8198714957597,197.86408032759192,343.4255479533238,276.2758411964146,-0.001651778102397472,"2009,2017"
United States of America,Male,DALYs,2015,274.7809072655301,196.1329770087226,339.6650907689359,275.07994586232604,-0.0010876883654358238,"2009,2017"
United States of America,Male,DALYs,2016,274.0600818072071,195.89052690156365,339.83805701611345,273.8892271142322,0.0006236149794522916,"2009,2017"
United States of America,Male,DALYs,2017,273.25529287533726,196.0570190514068,335.38496771202216,272.7036625446177,0.002020776517942302,"2009,2017"
United States of America,Male,DALYs,2018,272.4079757055924,195.50120022585756,335.2385273699211,272.4167245072926,-3.211602446651085e-05,"2009,2017"
United States of America,Male,DALYs,2019,271.8152154596659,195.65988275352055,334.7678195349367,272.13008838537445,-0.0011577375837346082,"2009,2017"
United States of America,Male,DALYs,2020,270.86379229887905,195.79323550649912,333.59422429663965,271.84375386118876,-0.0036113838265405818,"2009,2017"
United States of America,Male,DALYs,2021,271.6963497028006,196.02415629376875,336.5544090233591,271.55772061739543,0.0005103655765799076,"2009,2017"
United States of America,Male,DALYs,2022,272.8756050380509,196.35534315421364,339.7448886343856,271.2719883369876,0.005894067576735829,"2009,2017"
United States of America,Male,DALYs,2023,270.1599534580866,194.75363846728052,334.9655725847668,270.98655670329265,-0.0030550095864274596,"2009,2017"
China,Male,Incidence,1990,22.782916362690003,19.22242107758,26.97943154351,22.817572621953815,-0.0015199953644327024,"2008,2014"
China,Male,Incidence,1991,22.80992081871,19.25503838243,26.9800908836,22.824039716072587,-0.0006187890618143399,"2008,2014"
China,Male,Incidence,1992,22.83253394493,19.28440866957,26.987319816610004,22.830508643134205,8.870638846358858e-05,"2008,2014"
China,Male,Incidence,1993,22.85307603628,19.30988353998,27.00755012842,22.83697940365816,0.0007046011712090738,"2008,2014"
China,Male,Incidence,1994,22.87028672082,19.32825123333,27.01926089534,22.843451998164106,0.0011740332989682578,"2008,2014"
China,Male,Incidence,1995,22.88274874173,19.344151205,27.02341860932,22.849926427171845,0.001435399091457068,"2008,2014"
China,Male,Incidence,1996,22.88302406762,19.33855641546,26.96310163856,22.85640269120133,0.0011640451711403266,"2008,2014"
China,Male,Incidence,1997,22.87206589513,19.32476922478,26.92900245076,22.862880790772635,0.0004016667842181576,"2008,2014"
China,Male,Incidence,1998,22.85997851676,19.31006283091,26.92221536031,22.86936072640601,-0.0004103365556091809,"2008,2014"
China,Male,Incidence,1999,22.85248563193,19.2910770112,26.91710266983,22.875842498621857,-0.0010215492093377243,"2008,2014"
China,Male,Incidence,2000,22.85456833048,19.26458748673,26.920905498830003,22.882326107940685,-0.001213802607697989,"2008,2014"
China,Male,Incidence,2001,22.86643943251,19.29241589843,26.9298286534,22.88881155488319,-0.0009779041169384328,"2008,2014"
China,Male,Incidence,2002,22.88377156863,19.31738530731,26.94824116344,22.895298839970216,-0.0005036044411106388,"2008,2014"
China,Male,Incidence,2003,22.90435951441,19.34744139253,26.97080216492,22.90178796372271,0.0001122797192762981,"2008,2014"
China,Male,Incidence,2004,22.92176034363,19.3710994533,26.98771466921,22.908278926661822,0.0005883223131242232,"2008,2014"
China,Male,Incidence,2005,22.92933130176,19.38363103342,27.00900101522,22.914771729308814,0.0006351775682391647,"2008,2014"
China,Male,Incidence,2006,22.92796342348,19.35232553075,27.04218120744,22.921266372185123,0.00029213364640368056,"2008,2014"
China,Male,Incidence,2007,22.92495842757,19.35261417102,27.06948686694,22.927762855812293,-0.00012232330676553715,"2008,2014"
China,Male,Incidence,2008,22.9216814711,19.35139294162,27.049229405,22.934261180712056,-0.0005486621449763973,"2008,2014"
China,Male,Incidence,2009,22.91794885377,19.35182108833,26.99358292457,22.91946244498652,-6.604174076096925e-05,"2008,2014"
China,Male,Incidence,2010,22.91314469692,19.35556916571,26.93991844021,22.904673258405698,0.00036978795538011866,"2008,2014"
China,Male,Incidence,2011,22.89962902791,19.32124968525,26.9669971937,22.88989361480784,0.0004252244918476755,"2008,2014"
China,Male,Incidence,2012,22.87584095772,19.27982979555,27.002491775800003,22.87512350803517,3.136325947528107e-05,"2008,2014"
China,Male,Incidence,2013,22.85022128077,19.23661796895,27.0371120984,22.86036293193389,-0.000443733174929406,"2008,2014"
China,Male,Incidence,2014,22.83151710384,19.19908175876,27.00506113207,22.845611880354156,-0.0006171481121937106,"2008,2014"
China,Male,Incidence,2015,22.82725852467,19.17491576865,27.02432733913,22.84301598397707,-0.0006900532174101137,"2008,2014"
China,Male,Incidence,2016,22.83387289846,19.17837860252,27.04702173174,22.840420382565945,-0.00028670324948487647,"2008,2014"
China,Male,Incidence,2017,22.84124901813,19.18119944671,27.07859708242,22.83782507608727,0.00014991293571675612,"2008,2014"
China,Male,Incidence,2018,22.84843310984,19.18195276123,27.1189850011,22.83523006450754,0.000578020446813543,"2008,2014"
China,Male,Incidence,2019,22.8553270604,19.2035589968,27.15219775041,22.832635347793232,0.000993334492349618,"2008,2014"
China,Male,Incidence,2020,22.86161413276,19.24624195875,27.17425548517,22.830040925910858,0.0013820121785430572,"2008,2014"
China,Male,Incidence,2021,22.84494471232,19.26268453991,27.19140279434,22.827446798826898,0.0007662359587605749,"2008,2014"
China,Male,Incidence,2022,22.82157242665,19.2613380022,27.07350385544,22.824852966507873,-0.0001437369886150286,"2008,2014"
China,Male,Incidence,2023,22.77420365679,19.21045574529,26.926866401650003,22.822259428920262,-0.0021078735792774417,"2008,2014"
United States of America,Male,Incidence,1990,27.27643306768,23.47298420052,32.00159488931,27.191703500487378,0.00311116336540751,"2010,2017"
United States of America,Male,Incidence,1991,27.24388337197,23.5019188312,31.95701466262,27.194943616212903,0.0017979729413237777,"2010,2017"
United States of America,Male,Incidence,1992,27.216095568,23.48370441672,31.91517654385,27.19818411802494,0.000658336404536719,"2010,2017"
United States of America,Male,Incidence,1993,27.19411101318,23.45446471405,31.87621682622,27.20142500596948,-0.0002689188624223071,"2010,2017"
United States of America,Male,Incidence,1994,27.178897515600003,23.42740674542,31.86360027301,27.20466628009256,-0.000947667442975586,"2010,2017"
United States of America,Male,Incidence,1995,27.171315669820004,23.40525288254,31.87373434443,27.20790794044018,-0.0013458182634424887,"2010,2017"
United States of America,Male,Incidence,1996,27.17217456416,23.41820265676,31.86153198867,27.211149987058366,-0.0014333595782525244,"2010,2017"
United States of America,Male,Incidence,1997,27.17939742712,23.43480059861,31.86418661175,27.214392419993146,-0.0012867276871073585,"2010,2017"
United States of America,Male,Incidence,1998,27.18958086769,23.43987117496,31.87114132709,27.217635239290548,-0.0010312740145264065,"2010,2017"
United States of America,Male,Incidence,1999,27.19941660916,23.44455681981,31.87409918186,27.220878444996604,-0.0007887438657907531,"2010,2017"
United States of America,Male,Incidence,2000,27.2054876666,23.43032741928,31.93645550071,27.224122037157375,-0.0006847144922343951,"2010,2017"
United States of America,Male,Incidence,2001,27.21190354983,23.47033691641,31.9044318852,27.227366015818905,-0.0005680629636688472,"2010,2017"
United States of America,Male,Incidence,2002,27.22199667068,23.48079902418,31.9056929813,27.230610381027248,-0.0003163745827969855,"2010,2017"
United States of America,Male,Incidence,2003,27.23227848833,23.47884243191,31.92416864791,27.23385513282846,-5.789448944071296e-05,"2010,2017"
United States of America,Male,Incidence,2004,27.239127561030003,23.45107534976,31.93313923197,27.23710027126861,7.442841925753285e-05,"2010,2017"
United States of America,Male,Incidence,2005,27.23915552984,23.41595528197,31.93777915018,27.240345796393754,-4.369594159125967e-05,"2010,2017"
United States of America,Male,Incidence,2006,27.244312252630003,23.44644481911,31.92633677073,27.243591708249998,2.644786558736456e-05,"2010,2017"
United States of America,Male,Incidence,2007,27.25940918569,23.42752643261,31.96984410287,27.246838006883404,0.0004612747960828223,"2010,2017"
United States of America,Male,Incidence,2008,27.274444416590004,23.39791269986,32.015481861990004,27.25008469234007,0.0008935327372383561,"2010,2017"
United States of America,Male,Incidence,2009,27.27852350329,23.35905135742,32.052347990120005,27.253331764666083,0.0009239275022716598,"2010,2017"
United States of America,Male,Incidence,2010,27.26061205615,23.30039074849,32.068139436710005,27.25657922390753,0.00014794717611588126,"2010,2017"
United States of America,Male,Incidence,2011,27.19710231118,23.25454531476,31.919015026,27.163308487870566,0.0012433249552774583,"2010,2017"
United States of America,Male,Incidence,2012,27.08974662385,23.1819313632,31.70182485291,27.070356919918826,0.0007160143164752775,"2010,2017"
United States of America,Male,Incidence,2013,26.96562212804,23.09199571984,31.45437502404,26.977723427874107,-0.0004486670195329445,"2010,2017"
United States of America,Male,Incidence,2014,26.85189654262,23.00800146512,31.259348287770003,26.88540692329556,-0.0012471926523280885,"2010,2017"
United States of America,Male,Incidence,2015,26.77531529694,22.95818079626,31.16659277301,26.793406321466936,-0.0006754324041398085,"2010,2017"
United States of America,Male,Incidence,2016,26.7176030771,22.90090759047,31.05844703787,26.70172054138382,0.000594636364084522,"2010,2017"
United States of America,Male,Incidence,2017,26.650641757280003,22.83715427075,30.95405347689,26.610348505741005,0.0015130495706903169,"2010,2017"
United States of America,Male,Incidence,2018,26.586187645860004,22.76955402982,30.93480644867,26.595491317255274,-0.0003498825787966453,"2010,2017"
United States of America,Male,Incidence,2019,26.53609516322,22.70788411741,30.92495124611,26.58064242389013,-0.0016773346081868645,"2010,2017"
United States of America,Male,Incidence,2020,26.51220904474,22.66107072897,30.93695378371,26.565801821014208,-0.0020193972461481913,"2010,2017"
United States of America,Male,Incidence,2021,26.59290664877,22.7982258031,31.07619513649,26.550969503998736,0.0015782497067289292,"2010,2017"
United States of America,Male,Incidence,2022,26.67596984296,22.9276444076,31.303977874390004,26.536145468217505,0.005255370726805708,"2010,2017"
United States of America,Male,Incidence,2023,26.42062052512,22.57445926108,30.86374065368,26.521329709046935,-0.003804518154564729,"2010,2017"
China,Male,Prevalence,1990,322.43326719739,269.45275657734,380.64500636323,323.20120563225424,-0.002378865532522312,"2003,2017"
China,Male,Prevalence,1991,322.90401216876,270.50075559798,380.81137906767,323.25431864398183,-0.001084274527888951,"2003,2017"
China,Male,Prevalence,1992,323.30285773669004,270.76971836363,381.53595169885,323.3074403839937,-1.4174371540498498e-05,"2003,2017"
China,Male,Prevalence,1993,323.62710952955,270.93465471927,382.45166175781,323.3605708537243,0.0008239374534815269,"2003,2017"
China,Male,Prevalence,1994,323.87652741949,271.44334214756003,383.26086549985,323.41371005460815,0.001430015214063829,"2003,2017"
China,Male,Prevalence,1995,324.04531418682,272.01199406569,383.91979557137,323.46685798808005,0.0017867041809616069,"2003,2017"
China,Male,Prevalence,1996,324.04757008521,271.83095908013,383.43129836006,323.5200146555751,0.0016293451333186937,"2003,2017"
China,Male,Prevalence,1997,323.87326976675,272.00489729334004,382.83194860093,323.57318005852864,0.0009269947492702713,"2003,2017"
China,Male,Prevalence,1998,323.6393190468,272.37013381951004,382.66347076583,323.6263541983762,4.006036149117875e-05,"2003,2017"
China,Male,Prevalence,1999,323.44749288086,272.74463673036,382.58623116614,323.67953707655346,-0.0007171519497610745,"2003,2017"
China,Male,Prevalence,2000,323.39484394767004,272.97616433407,382.34171495925,323.7327286944965,-0.0010442601793387851,"2003,2017"
China,Male,Prevalence,2001,323.48429228327,272.4594149795,382.89217772326,323.78592905364155,-0.0009320274045165888,"2003,2017"
China,Male,Prevalence,2002,323.64071030385,271.68137309098,382.99875433598,323.8391381554251,-0.0006129236554910378,"2003,2017"
China,Male,Prevalence,2003,323.83888796052,270.94265063214004,383.38199893438,323.8923560012838,-0.00016509328948899338,"2003,2017"
China,Male,Prevalence,2004,324.02720738748,270.53472716968,383.69928886857,324.0449804247844,-5.484894319796041e-05,"2003,2017"
China,Male,Prevalence,2005,324.15264187869,270.44911633512,383.82407311562,324.1976767679034,-0.0001389214688130025,"2003,2017"
China,Male,Prevalence,2006,324.27617770628,270.7281424469,383.50419537807,324.35044506453073,-0.0002289987982857511,"2003,2017"
China,Male,Prevalence,2007,324.47410751534,271.41771385267,383.0402668691,324.5032853485723,-8.991941344316245e-05,"2003,2017"
China,Male,Prevalence,2008,324.71441532844,272.48058881528,382.67728240355,324.65619765395,0.00017930492535978004,"2003,2017"
China,Male,Prevalence,2009,324.93748402771,272.89983948547,382.38339223735,324.80918201460173,0.0003949293516418706,"2003,2017"
China,Male,Prevalence,2010,325.08351587878,272.91764217064,382.25053882892,324.96223846448123,0.0003731350136373379,"2003,2017"
China,Male,Prevalence,2011,325.18911961657,272.73436934598,382.58285700749,325.1153670375585,0.00022682475929780566,"2003,2017"
China,Male,Prevalence,2012,325.32413439658,272.51530532139,382.98741850271,325.26856776781926,0.00017081848201172534,"2003,2017"
China,Male,Prevalence,2013,325.4762915899,272.28413642593,383.4284537784,325.4218406892658,0.00016731005378822772,"2003,2017"
China,Male,Prevalence,2014,325.61690695473,272.21531274068,383.9603378186,325.5751858359154,0.00012813767038455381,"2003,2017"
China,Male,Prevalence,2015,325.71382373033,272.06247184907,384.52382501284,325.72860324180226,-4.537472802823572e-05,"2003,2017"
China,Male,Prevalence,2016,325.75150533511,271.96781158251,384.93073348546,325.8820929409764,-0.0004008007197908725,"2003,2017"
China,Male,Prevalence,2017,325.74645337097,272.00791710116,385.69427437045,326.0356549675038,-0.0008874180859308467,"2003,2017"
China,Male,Prevalence,2018,325.71835324919,271.89080811464,385.74193415219,325.8327779252757,-0.0003512377518424259,"2003,2017"
China,Male,Prevalence,2019,325.68498439291,271.92074065248,385.59321300927,325.6300271241309,0.00016875787579806456,"2003,2017"
China,Male,Prevalence,2020,325.66380422307,271.93081940095,385.40327344503,325.4274024855153,0.0007261709127917015,"2003,2017"
China,Male,Prevalence,2021,325.46489588991,271.99331009647,385.09940570068,325.22490393092374,0.0007376540094359285,"2003,2017"
China,Male,Prevalence,2022,325.19566849371,272.20156083761,383.58928509622,325.02253138189997,0.000532550814281052,"2003,2017"
China,Male,Prevalence,2023,324.39947351022,272.29677744072,383.47358593897,324.82028476003643,-0.0012963601411959402,"2003,2017"
United States of America,Male,Prevalence,1990,443.11101973017,370.70370520332,523.97939661787,442.4325569000725,0.0015323084730169967,"2009,2018"
United States of America,Male,Prevalence,1991,442.99587487878006,370.35419482787,524.19294262719,442.49754689383343,0.001125537525862974,"2009,2018"
United States of America,Male,Prevalence,1992,442.88136017682,370.00986178647,524.4293920604999,442.56254643413286,0.0007201218599712789,"2009,2018"
United States of America,Male,Prevalence,1993,442.7772840295301,369.68303769065,524.8830647336599,442.6275555223724,0.0003382147959811732,"2009,2018"
United States of America,Male,Prevalence,1994,442.69230609633,369.38213799313,525.36377395793,442.69257415995537,-6.055301629004362e-07,"2009,2018"
United States of America,Male,Prevalence,1995,442.6357082213,369.11324148245,525.8658238800799,442.7576023482836,-0.00027534458708622367,"2009,2018"
United States of America,Male,Prevalence,1996,442.57092654151006,369.33860957737,525.28947638934,442.8226400887606,-0.0005685913327564407,"2009,2018"
United States of America,Male,Prevalence,1997,442.47785527013,369.49633545953,524.63087883928,442.8876873827897,-0.0009257919405891712,"2009,2018"
United States of America,Male,Prevalence,1998,442.38851265662,369.48225715769,524.02788381696,442.9527442317735,-0.0012746082872618913,"2009,2018"
United States of America,Male,Prevalence,1999,442.3332905322901,369.36742146335,523.55609195539,443.0178106371165,-0.0015463249332832163,"2009,2018"
United States of America,Male,Prevalence,2000,442.34246343046,369.33576334515,523.22983020022,443.08288660022146,-0.0016724692653662387,"2009,2018"
United States of America,Male,Prevalence,2001,442.53966931547,369.68193916575,523.72299425799,443.1479721224929,-0.001373628521412762,"2009,2018"
United States of America,Male,Prevalence,2002,442.93419481406,370.17813099335,524.48389121834,443.2130672053352,-0.0006294041914571835,"2009,2018"
United States of America,Male,Prevalence,2003,443.3889911345301,370.71082813397,525.36966447698,443.2781718501522,0.0002499681720067315,"2009,2018"
United States of America,Male,Prevalence,2004,443.76362225532,371.30891733822,526.20053827249,443.34328605834907,0.0009476563072361444,"2009,2018"
United States of America,Male,Prevalence,2005,443.92330157674,371.70121996929,526.7788961095599,443.40840983132983,0.0011605396191312067,"2009,2018"
United States of America,Male,Prevalence,2006,443.9190443697,371.48625635649,526.80901660937,443.47354317049997,0.001004067969200939,"2009,2018"
United States of America,Male,Prevalence,2007,443.83201630376993,371.41314921651,526.85094132423,443.53868607726497,0.0006611222038364062,"2009,2018"
United States of America,Male,Prevalence,2008,443.62796105864,371.15476286171,526.95232572052,443.6038385530295,5.4377008639860946e-05,"2009,2018"
United States of America,Male,Prevalence,2009,443.25653979910993,370.73825824237,527.1358144375799,443.66900059920005,-0.0009300912219503132,"2009,2018"
United States of America,Male,Prevalence,2010,442.66637620731,370.14085692584,527.04931041928,442.03258074981636,0.001432793745117955,"2009,2018"
United States of America,Male,Prevalence,2011,441.34763943587,368.40252739773,524.41859070028,440.4021966386061,0.0021444702814905625,"2009,2018"
United States of America,Male,Prevalence,2012,439.18739952071,366.84445716255,520.50272524629,438.77782600347473,0.0009330063083119455,"2009,2018"
United States of America,Male,Prevalence,2013,436.73612200012,364.90805242709,516.26010258311,437.1594466644365,-0.0009688221627559557,"2009,2018"
United States of America,Male,Prevalence,2014,434.54448755159,362.81783335139,512.5339180863999,435.54703652331483,-0.0023044688694486837,"2009,2018"
United States of America,Male,Prevalence,2015,433.1592552023,361.40429626495,510.17860142408,433.9405735634411,-0.0018021421448359831,"2009,2018"
United States of America,Male,Prevalence,2016,432.19358895785,360.64897259305,508.9254879137801,432.34003584934993,-0.00033878819446364616,"2009,2018"
United States of America,Male,Prevalence,2017,431.04738328102,359.71915435215,507.52397590669,430.74540152648393,0.0007008222213498172,"2009,2018"
United States of America,Male,Prevalence,2018,429.94630338685,359.13268747783,506.26289914806006,429.1566488208933,0.0018383240013539748,"2009,2018"
United States of America,Male,Prevalence,2019,429.1179572849901,358.93229642452,505.58508601039,429.52628410937695,-0.000951096706836907,"2009,2018"
United States of America,Male,Prevalence,2020,428.79155584828,358.93931967804,505.62727195262,429.89623776703115,-0.002572955005043731,"2009,2018"
United States of America,Male,Prevalence,2021,431.0964634867401,359.88251747244,507.53608068144,430.26651006807003,0.0019270707030463186,"2009,2018"
United States of America,Male,Prevalence,2022,433.44876797577,362.0971244506,510.05600036844,430.63710128694237,0.006507863887641463,"2009,2018"
United States of America,Male,Prevalence,2023,428.7969712303701,358.33495356076,502.3204850343,431.0080116983352,-0.00514313218857243,"2009,2018"
China,Male,YLDs,1990,207.24981495533,151.97095240629,258.33729196131003,207.31597256060067,-0.0003191657769381351,"1995,2000"
China,Male,YLDs,1991,207.61734537191,152.30498967051,258.47999940971,207.67072260190858,-0.00025706122765800643,"1995,2000"
China,Male,YLDs,1992,208.10454014004,152.87951140075998,259.23450404741,208.02607967599982,0.000377095369740843,"1995,2000"
China,Male,YLDs,1993,208.54291947695003,154.52927206407,261.07995354951004,208.38204482160197,0.0007717199837280475,"1995,2000"
China,Male,YLDs,1994,208.72804625963,154.70499398812,261.37581284159,208.73861907922083,-5.0652281827545664e-05,"1995,2000"
China,Male,YLDs,1995,209.06366348608,155.68684491118998,261.91628939106,209.09580349114194,-0.0001537212841675739,"1995,2000"
China,Male,YLDs,1996,209.15737007418,155.1992190226,262.59386261076,209.00274140700003,0.0007395668308971537,"1995,2000"
China,Male,YLDs,1997,208.88573472186,153.54300579126,260.81132239168,208.90972074191754,-0.00011482183336486429,"1995,2000"
China,Male,YLDs,1998,208.49090064853,152.89149512832,260.2724493285,208.81674147746008,-0.001561633970990961,"1995,2000"
China,Male,YLDs,1999,208.44605032106003,153.98865956858,259.56437522452995,208.72380359520156,-0.0013316077975256135,"1995,2000"
China,Male,YLDs,2000,208.443460944,153.9692160548,260.83329787949,208.63090707672401,-0.0008988619762666517,"1995,2000"
China,Male,YLDs,2001,208.51353401915,152.82495483245,257.96747155261,208.68148923719647,-0.0008051640971604712,"1995,2000"
China,Male,YLDs,2002,208.70874753092,154.64147354314002,261.57347121865,208.73208366121588,-0.0001118056911373344,"1995,2000"
China,Male,YLDs,2003,208.78226538779003,153.90712169308,261.73216881213,208.78269035175586,-2.035438845915394e-06,"1995,2000"
China,Male,YLDs,2004,209.05760975343,154.63324289682,260.40325839517,208.8333093117902,0.001073488094363917,"1995,2000"
China,Male,YLDs,2005,209.11505563666,154.27658980335,261.69138262151,208.88394054429347,0.0011058166073567577,"1995,2000"
China,Male,YLDs,2006,209.14987280173,154.54824374625,262.55626132256003,208.93458405224166,0.0010298817140315109,"1995,2000"
China,Male,YLDs,2007,209.15889974756,154.5900594219,261.82681724913,208.98523983861014,0.0008306222782712425,"1995,2000"
China,Male,YLDs,2008,209.32472668022,155.51759114,260.90834706661,209.03590790637656,0.001380716997965159,"1995,2000"
China,Male,YLDs,2009,209.27668660535,154.20726725859998,262.70421021249,209.0865882585178,0.0009087717366060843,"1995,2000"
China,Male,YLDs,2010,209.22181837573,154.87430993316,263.85610102142,209.1372808980125,0.00040413835393948716,"1995,2000"
China,Male,YLDs,2011,209.06640728393,154.52644519858,262.06558466434,209.18798582784012,-0.0005813617230883139,"1995,2000"
China,Male,YLDs,2012,209.17252190162,154.06327220328,261.26213426346,209.2387030509797,-0.0003163450020684522,"1995,2000"
China,Male,YLDs,2013,209.14809960206,153.03602939291,261.24069155229,209.28943257041223,-0.0006755272309968419,"1995,2000"
China,Male,YLDs,2014,209.09023428095,153.61420307752,261.90791460355,209.34017438911877,-0.0011946557072155528,"1995,2000"
China,Male,YLDs,2015,209.07538064614,154.17786012954,261.97107239036,209.39092851008127,-0.0015081162657262226,"1995,2000"
China,Male,YLDs,2016,209.26341119584,154.46928352601,262.77860571481,209.44169493628237,-0.0008515957823576059,"1995,2000"
China,Male,YLDs,2017,209.5087313736,152.19541766939,262.88587648111,209.49247367070527,7.76021773072344e-05,"1995,2000"
China,Male,YLDs,2018,209.75516205459,153.80303077169,262.24828584998,209.54326471633442,0.0010107233548488637,"1995,2000"
China,Male,YLDs,2019,210.04024787542,156.44757809404,262.17153125155,209.5940680761545,0.0021265180203009493,"1995,2000"
China,Male,YLDs,2020,210.07922157086,154.47854869353998,261.18101492024,209.64488375315105,0.0020696355879312733,"1995,2000"
China,Male,YLDs,2021,209.79878443826,154.60196045409,261.59147005104,209.69571175031015,0.0004914137895042359,"1995,2000"
China,Male,YLDs,2022,209.63513224041,153.8630664861,262.20831649917,209.74655207061937,-0.0005313528797232792,"1995,2000"
China,Male,YLDs,2023,209.14130012577,154.26521171618,260.56663681652003,209.7974047170657,-0.003132224929911054,"1995,2000"
United States of America,Male,YLDs,1990,281.1989670726,202.44222699809,346.56319780182,280.9250439962545,0.0009746002399246834,"2009,2017"
United States of America,Male,YLDs,1991,281.17503922386004,201.64593881697,347.12787421032,280.9990116691615,0.0006262386539246378,"2009,2017"
United States of America,Male,YLDs,1992,281.17806226035,201.84442421283,349.31672936045,281.07299881778545,0.00037372430595628003,"2009,2017"
United States of America,Male,YLDs,1993,281.08162107235,200.73163826515,346.43059981405,281.14700544725406,-0.00023258998960429267,"2009,2017"
United States of America,Male,YLDs,1994,281.20055365106003,200.19885882729,348.8095425037,281.22103156269714,-7.282050399393114e-05,"2009,2017"
United States of America,Male,YLDs,1995,281.27826160464,200.99827579165,347.59157822153,281.295077169245,-5.9780879935189546e-05,"2009,2017"
United States of America,Male,YLDs,1996,281.36559450325,201.71273173807,350.44815064748,281.3691422720299,-1.2609027124632632e-05,"2009,2017"
United States of America,Male,YLDs,1997,281.36918334036,200.17028478036,348.91795052664,281.44322687618467,-0.00026311977102011497,"2009,2017"
United States of America,Male,YLDs,1998,281.22690469692,199.93289501137,347.06643481869,281.5173309868447,-0.0010321787316280862,"2009,2017"
United States of America,Male,YLDs,1999,281.39621214224,201.53124092704,348.86193634941,281.5914546091458,-0.0006935941451775562,"2009,2017"
United States of America,Male,YLDs,2000,281.37633533547,200.4201097482,348.49207109366,281.6655977482253,-0.0010274987392868695,"2009,2017"
United States of America,Male,YLDs,2001,281.46516407979,200.74489827819,349.63741353277,281.73976040922184,-0.0009751205618080405,"2009,2017"
United States of America,Male,YLDs,2002,281.67361328429,204.02070470971,347.28641254257,281.813942597276,-0.0004980742322429066,"2009,2017"
United States of America,Male,YLDs,2003,281.860768154,200.81630169563,347.68989359838,281.88814431752905,-9.712183188259615e-05,"2009,2017"
United States of America,Male,YLDs,2004,282.26021425218,202.63225068043,348.47092636245003,281.9623655751237,0.0010557844204486244,"2009,2017"
United States of America,Male,YLDs,2005,282.39269268176,200.78075257307003,348.82330665856,282.03660637520403,0.0012617571568043218,"2009,2017"
United States of America,Male,YLDs,2006,282.35546286108,200.8033793783,347.56230149816,282.11086672291606,0.0008666456816062151,"2009,2017"
United States of America,Male,YLDs,2007,282.14949775369,200.83050165393,348.61924755363,282.18514662340635,-0.0001263394693875597,"2009,2017"
United States of America,Male,YLDs,2008,282.13624505593,200.80477200343003,349.03329983028,282.2594460818232,-0.00043657678392872157,"2009,2017"
United States of America,Male,YLDs,2009,281.85652758183,200.62254443868,347.75890239225,282.3337651033163,-0.0016917612426059492,"2009,2017"
United States of America,Male,YLDs,2010,281.4192070105,199.49938678094,347.03616454433,281.1116472703543,0.0010934858717570606,"2009,2017"
United States of America,Male,YLDs,2011,280.49841577153,199.37971503225,347.07263933013,279.8948195308292,0.0021541890090528426,"2009,2017"
United States of America,Male,YLDs,2012,278.95439546204,198.84673838487,343.15275436359,278.68325898589376,0.0009724468760321514,"2009,2017"
United States of America,Male,YLDs,2013,277.30695775645,198.11308372484,344.14330340482,277.47694283582274,-0.0006127974676646275,"2009,2017"
United States of America,Male,YLDs,2014,275.81987866707,197.86408547205,343.42555688238,276.275848379581,-0.0016517781024001366,"2009,2017"
United States of America,Male,YLDs,2015,274.78091440983,196.13298210818,339.66509960022,275.0799530143997,-0.0010876883654304947,"2009,2017"
United States of America,Male,YLDs,2016,274.06008893276,195.89053199471,339.8380658519,273.889234235347,0.0006236149794371926,"2009,2017"
United States of America,Male,YLDs,2017,273.25529997997,196.05702414888,335.38497643203,272.70366963490784,0.0020207765179431902,"2009,2017"
United States of America,Male,YLDs,2018,272.4079827882,195.50120530888003,335.23853608612,272.4167315901221,-3.211602444608275e-05,"2009,2017"
United States of America,Male,YLDs,2019,271.81522252686,195.65988784067,334.7678282389,272.1300954607514,-0.0011577375837203974,"2009,2017"
United States of America,Male,YLDs,2020,270.86379934133,195.79324059712,333.59423297008,271.8437609291208,-0.0036113838265485754,"2009,2017"
United States of America,Male,YLDs,2021,271.6963567669,196.02416139039,336.55441777377,271.55772767789034,0.0005103655765807957,"2009,2017"
United States of America,Male,YLDs,2022,272.87561213281003,196.35534825945,339.74489746775004,271.27199539005323,0.005894067576734052,"2009,2017"
United States of America,Male,YLDs,2023,270.15996048224,194.75364353087,334.96558129387,270.98656374893704,-0.003055009586424795,"2009,2017"
