location_name,sex_name,measure_name,year,reconstructed_all_age_count,reported_all_age_count,reported_all_age_lower,reported_all_age_upper,absolute_error,relative_error_pct,within_tolerance,tolerance_pct
China,Female,DALYs,1990,985172.0335053749,985172.0335053742,724061.8199204785,1242487.1003107172,6.984919309616089e-10,7.090050338480285e-14,True,0.0001
China,Female,DALYs,1991,1011436.1272784357,1011436.1272784362,742653.8404849282,1266525.3527745234,-4.656612873077393e-10,-4.6039613846969926e-14,True,0.0001
China,Female,DALYs,1992,1036332.3431222598,1036332.3431222596,759392.7226235648,1303220.3841529484,2.3283064365386963e-10,2.246679312858248e-14,True,0.0001
China,Female,DALYs,1993,1059790.351579751,1059790.351579751,772267.687373684,1340647.9102757834,0.0,0.0,True,0.0001
China,Female,DALYs,1994,1083146.5913382187,1083146.591338219,795245.0245639972,1366320.9233838802,-2.3283064365386963e-10,-2.1495764794514954e-14,True,0.0001
China,Female,DALYs,1995,1103897.2082474243,1103897.208247424,800480.1914534504,1402373.320494269,2.3283064365386963e-10,2.1091696030603937e-14,True,0.0001
China,Female,DALYs,1996,1123219.5494364703,1123219.5494364696,816430.0475707091,1421372.080934906,6.984919309616089e-10,6.218658955072936e-14,True,0.0001
China,Female,DALYs,1997,1144375.0789486377,1144375.078948638,835499.5408910832,1454375.810868644,-2.3283064365386963e-10,-2.0345658336755827e-14,True,0.0001
China,Female,DALYs,1998,1164481.015445642,1164481.0154456424,855109.6889579082,1467862.106224509,-4.656612873077393e-10,-3.998874014528545e-14,True,0.0001
China,Female,DALYs,1999,1185195.480185652,1185195.480185652,873460.0618003544,1495235.971713607,0.0,0.0,True,0.0001
China,Female,DALYs,2000,1204475.9038035204,1204475.90380352,881688.5398412847,1518268.100500359,4.656612873077393e-10,3.8660905198457194e-14,True,0.0001
China,Female,DALYs,2001,1225400.5721338952,1225400.5721338952,902711.2156783196,1536385.4831328443,0.0,0.0,True,0.0001
China,Female,DALYs,2002,1244409.3758125377,1244409.3758125375,915905.8662105922,1555722.0584068547,2.3283064365386963e-10,1.871013254796821e-14,True,0.0001
China,Female,DALYs,2003,1266129.1731282824,1266129.1731282822,938008.9194173455,1593141.6098386652,2.3283064365386963e-10,1.8389169809475642e-14,True,0.0001
China,Female,DALYs,2004,1287991.4557189331,1287991.455718933,941627.06062796,1622646.7760895027,2.3283064365386963e-10,1.807703324583841e-14,True,0.0001
China,Female,DALYs,2005,1311737.268882961,1311737.268882961,961166.73372931,1662622.1774674996,0.0,0.0,True,0.0001
China,Female,DALYs,2006,1334164.835917821,1334164.8359178214,979904.3125940256,1664195.677898133,-4.656612873077393e-10,-3.4902830202940675e-14,True,0.0001
China,Female,DALYs,2007,1358681.081627046,1358681.0816270467,991473.3225678044,1707039.1090304572,-6.984919309616089e-10,-5.1409557430883737e-14,True,0.0001
China,Female,DALYs,2008,1381623.7287097669,1381623.7287097676,1015220.3514158694,1728797.970867654,-6.984919309616089e-10,-5.05558725177583e-14,True,0.0001
China,Female,DALYs,2009,1406244.367452264,1406244.3674522634,1028231.5995219612,1770445.0144981858,6.984919309616089e-10,4.967073626236729e-14,True,0.0001
China,Female,DALYs,2010,1428677.9829726962,1428677.9829726971,1049881.838794365,1783801.9009386846,-9.313225746154785e-10,-6.518771799630069e-14,True,0.0001
China,Female,DALYs,2011,1449529.659640977,1449529.659640975,1062135.420350202,1812739.115283216,1.862645149230957e-09,1.2849996803047852e-13,True,0.0001
China,Female,DALYs,2012,1468213.1031967718,1468213.103196773,1069412.379740094,1838296.324412851,-1.1641532182693481e-09,-7.929048009002314e-14,True,0.0001
China,Female,DALYs,2013,1483927.2979055662,1483927.2979055662,1084088.803474512,1865313.7187063687,0.0,0.0,True,0.0001
China,Female,DALYs,2014,1498667.4006656974,1498667.4006656972,1095700.0087495772,1875267.2715814367,2.3283064365386963e-10,1.5535844948015013e-14,True,0.0001
China,Female,DALYs,2015,1512083.0670208826,1512083.0670208824,1090709.7291329172,1892432.1945697227,2.3283064365386963e-10,1.5398006150058565e-14,True,0.0001
China,Female,DALYs,2016,1522852.704565557,1522852.7045655577,1106493.274296963,1895785.597649696,-6.984919309616089e-10,-4.5867333647404594e-14,True,0.0001
China,Female,DALYs,2017,1531508.409683915,1531508.409683915,1110469.9131552898,1928660.791830102,0.0,0.0,True,0.0001
China,Female,DALYs,2018,1540562.3853142497,1540562.3853142485,1120085.821584589,1912368.3718389927,1.1641532182693481e-09,7.556676895183837e-14,True,0.0001
China,Female,DALYs,2019,1545928.7148753058,1545928.7148753044,1133606.9729537112,1938445.7067239173,1.3969838619232178e-09,9.036534792847155e-14,True,0.0001
China,Female,DALYs,2020,1549848.827500562,1549848.827500563,1126011.6642661048,1944726.444228968,-1.1641532182693481e-09,-7.511398515858962e-14,True,0.0001
China,Female,DALYs,2021,1553296.115766705,1553296.1157667043,1131829.4228078914,1943000.1481091208,6.984919309616089e-10,4.4968369126245734e-14,True,0.0001
China,Female,DALYs,2022,1554954.1634446485,1554954.1634446485,1126202.5612285598,1941132.3026088688,0.0,0.0,True,0.0001
China,Female,DALYs,2023,1551859.211864378,1551859.2118643762,1120101.8617092932,1948122.882467781,1.862645149230957e-09,1.200266837990547e-13,True,0.0001
China,Female,Incidence,1990,115697.33834901855,115697.33834904048,97975.38808770616,138931.39420657957,-2.1929736249148846e-08,-1.8954399956021734e-11,True,0.0001
China,Female,Incidence,1991,117232.93842308338,117232.9384230991,98668.61853754202,141562.42969810398,-1.57160684466362e-08,-1.3405847075090946e-11,True,0.0001
China,Female,Incidence,1992,118388.51311735723,118388.51311737872,99255.46130035896,142782.418508976,-2.149317879229784e-08,-1.8154783962011574e-11,True,0.0001
China,Female,Incidence,1993,119325.59388220572,119325.59388222347,99991.31465716811,144026.1594157064,-1.775333657860756e-08,-1.4878062619265422e-11,True,0.0001
China,Female,Incidence,1994,120150.09249752676,120150.09249754724,100896.60742336442,144862.57205784606,-2.0489096641540527e-08,-1.7052917909288162e-11,True,0.0001
China,Female,Incidence,1995,120846.48524511754,120846.48524513698,101656.25769291214,145075.12132037152,-1.9441358745098114e-08,-1.6087649306193172e-11,True,0.0001
China,Female,Incidence,1996,121423.24579656393,121423.24579658188,101963.7241338386,144743.53178248982,-1.7942511476576328e-08,-1.477683400642665e-11,True,0.0001
China,Female,Incidence,1997,121970.7678937419,121970.76789376,102293.74168448785,145105.22187887583,-1.8102582544088364e-08,-1.4841738604004058e-11,True,0.0001
China,Female,Incidence,1998,122653.84036367612,122653.8403636978,102844.58160555328,145563.47204974206,-2.168235369026661e-08,-1.7677680230780605e-11,True,0.0001
China,Female,Incidence,1999,123607.97653456718,123607.97653458743,103643.23493960065,146409.22772868446,-2.0256265997886658e-08,-1.6387507154296504e-11,True,0.0001
China,Female,Incidence,2000,124815.24149675577,124815.24149677862,104781.50791880047,147663.53157410212,-2.2846506908535957e-08,-1.8304260468963325e-11,True,0.0001
China,Female,Incidence,2001,126231.96558368106,126231.9655837115,106304.16025696875,148978.181992239,-3.0442606657743454e-08,-2.41164007206679e-11,True,0.0001
China,Female,Incidence,2002,127782.62147732601,127782.6214773517,107663.614697849,150874.97283040683,-2.5684130378067493e-08,-2.009986184437433e-11,True,0.0001
China,Female,Incidence,2003,129485.32112648647,129485.3211265164,109172.4276770256,153053.97047159358,-2.9933289624750614e-08,-2.31171296980479e-11,True,0.0001
China,Female,Incidence,2004,131350.25092146057,131350.2509214853,110945.46615634012,155430.2056560708,-2.4738255888223648e-08,-1.883380938724735e-11,True,0.0001
China,Female,Incidence,2005,133272.6440743718,133272.64407440025,112845.49786174322,157923.11817612912,-2.843444235622883e-08,-2.1335543054398418e-11,True,0.0001
China,Female,Incidence,2006,135140.0281413789,135140.028141404,114629.32305222856,160006.77758907792,-2.5116605684161186e-08,-1.8585615253742867e-11,True,0.0001
China,Female,Incidence,2007,136866.74621424323,136866.74621426334,116337.32149289176,161790.95594494863,-2.011074684560299e-08,-1.469366913575913e-11,True,0.0001
China,Female,Incidence,2008,138411.03315069826,138411.03315072856,117377.7825644462,163335.54459099006,-3.0297087505459785e-08,-2.1889214187474844e-11,True,0.0001
China,Female,Incidence,2009,139661.7519454795,139661.7519455023,117923.7184067391,164622.25572723962,-2.278829924762249e-08,-1.631677888196244e-11,True,0.0001
China,Female,Incidence,2010,140601.27793472595,140601.27793474955,118446.11941656156,165575.12171187776,-2.3603206500411034e-08,-1.6787334259767428e-11,True,0.0001
China,Female,Incidence,2011,141055.31755423927,141055.317554268,118845.98087618544,165557.41850836508,-2.8725480660796165e-08,-2.036469178111251e-11,True,0.0001
China,Female,Incidence,2012,141031.01626832443,141031.0162683489,118800.52114546012,166301.21376811553,-2.4476321414113045e-08,-1.7355275500206532e-11,True,0.0001
China,Female,Incidence,2013,140617.580085437,140617.58008546295,118824.37909584348,165325.20164944886,-2.5960616767406464e-08,-1.84618571530163e-11,True,0.0001
China,Female,Incidence,2014,139823.4414886893,139823.44148872135,117640.72964810068,164823.91636739258,-3.204331733286381e-08,-2.291698515763434e-11,True,0.0001
China,Female,Incidence,2015,138939.94452788704,138939.94452790712,116369.6125583009,164109.32760075538,-2.0081643015146255e-08,-1.4453469866696764e-11,True,0.0001
China,Female,Incidence,2016,138025.91533703447,138025.91533706128,115831.35426882825,163092.08064631483,-2.680462785065174e-08,-1.9419996444286895e-11,True,0.0001
China,Female,Incidence,2017,137149.27838890103,137149.27838892792,115135.47146029572,161802.58245807517,-2.6891939342021942e-08,-1.960778770250747e-11,True,0.0001
China,Female,Incidence,2018,136314.16875933687,136314.16875936036,114760.38122831532,161028.33997889172,-2.34867911785841e-08,-1.7229897223703914e-11,True,0.0001
China,Female,Incidence,2019,135412.8961864185,135412.89618644345,114168.5388376695,159399.72262157776,-2.4941982701420784e-08,-1.8419207774036068e-11,True,0.0001
China,Female,Incidence,2020,134565.11183621213,134565.11183622564,113504.9088544156,157904.92345182472,-1.3504177331924438e-08,-1.0035422367396304e-11,True,0.0001
China,Female,Incidence,2021,133622.29833421428,133622.29833423416,112938.54057010768,156210.9780922082,-1.987791620194912e-08,-1.4876196899583172e-11,True,0.0001
China,Female,Incidence,2022,132840.55660755973,132840.55660759084,112049.04590327492,154498.17926648783,-3.111199475824833e-08,-2.3420554349341316e-11,True,0.0001
China,Female,Incidence,2023,132520.0933376089,132520.0933376334,111394.64425027698,155088.57310082295,-2.450542524456978e-08,-1.8491856312034955e-11,True,0.0001
China,Female,Prevalence,1990,1544461.786892054,1544461.786892078,1278400.1736376148,1844258.356006604,-2.3981556296348572e-08,-1.5527452022368701e-12,True,0.0001
China,Female,Prevalence,1991,1584088.1987934334,1584088.1987934548,1312980.2827341373,1888903.8978785127,-2.1420419216156006e-08,-1.352223899683818e-12,True,0.0001
China,Female,Prevalence,1992,1621607.6126713878,1621607.6126714146,1346170.8570183795,1931045.3760738308,-2.6775524020195007e-08,-1.6511715788066244e-12,True,0.0001
China,Female,Prevalence,1993,1657551.8976533734,1657551.8976533946,1377249.167390725,1971706.3558584296,-2.1187588572502136e-08,-1.2782458638246877e-12,True,0.0001
China,Female,Prevalence,1994,1691855.3815317822,1691855.381531801,1407396.128517717,2011716.8960249235,-1.885928213596344e-08,-1.1147100598449674e-12,True,0.0001
China,Female,Prevalence,1995,1724187.0315281348,1724187.0315281523,1435704.0279784775,2054638.687811136,-1.7462298274040222e-08,-1.0127844575285625e-12,True,0.0001
China,Female,Prevalence,1996,1755577.8576156728,1755577.8576156958,1464789.602293118,2090121.1601363868,-2.3050233721733093e-08,-1.312971317207106e-12,True,0.0001
China,Female,Prevalence,1997,1787128.7488486976,1787128.748848715,1489492.0487848667,2127536.904330864,-1.7462298274040222e-08,-9.771147313974774e-13,True,0.0001
China,Female,Prevalence,1998,1819284.942244394,1819284.942244416,1514736.477427798,2168670.33484579,-2.2118911147117615e-08,-1.215802463567359e-12,True,0.0001
China,Female,Prevalence,1999,1851727.4209071656,1851727.4209071973,1540904.5401092195,2210433.61277591,-3.166496753692627e-08,-1.710023148083695e-12,True,0.0001
China,Female,Prevalence,2000,1883669.7358182743,1883669.7358182983,1569189.8056209432,2252248.477626507,-2.3981556296348572e-08,-1.2731295640809653e-12,True,0.0001
China,Female,Prevalence,2001,1915012.4219496583,1915012.421949681,1597666.7605933603,2286817.06005088,-2.2584572434425354e-08,-1.1793433909651574e-12,True,0.0001
China,Female,Prevalence,2002,1946702.5577661186,1946702.5577661523,1628920.915764094,2326744.9817656856,-3.3760443329811096e-08,-1.7342373746378243e-12,True,0.0001
China,Female,Prevalence,2003,1980028.1851477406,1980028.185147772,1661918.6793829205,2363777.0098565067,-3.14321368932724e-08,-1.5874590639186572e-12,True,0.0001
China,Female,Prevalence,2004,2015339.912735853,2015339.912735884,1696076.017357759,2403761.728324064,-3.096647560596466e-08,-1.5365385963069001e-12,True,0.0001
China,Female,Prevalence,2005,2052254.5877217639,2052254.5877217925,1729556.403646627,2448256.7791608577,-2.8638169169425964e-08,-1.3954491485004886e-12,True,0.0001
China,Female,Prevalence,2006,2090077.6676479904,2090077.6676480176,1761772.740676397,2488381.146252812,-2.7241185307502747e-08,-1.3033575607818195e-12,True,0.0001
China,Female,Prevalence,2007,2128448.248025334,2128448.248025364,1794586.2209337049,2526818.342516453,-2.9802322387695312e-08,-1.4001901345425698e-12,True,0.0001
China,Female,Prevalence,2008,2167379.331665764,2167379.331665789,1826953.8980823096,2566823.182690114,-2.468004822731018e-08,-1.1387046036072406e-12,True,0.0001
China,Female,Prevalence,2009,2206091.9315704033,2206091.9315704294,1858356.93285624,2613835.65355161,-2.60770320892334e-08,-1.1820464830162447e-12,True,0.0001
China,Female,Prevalence,2010,2243287.907829255,2243287.907829293,1887599.4932207712,2654615.8366362294,-3.818422555923462e-08,-1.7021544771835998e-12,True,0.0001
China,Female,Prevalence,2011,2277540.8964721663,2277540.896472196,1913207.004461354,2691476.692680053,-2.9802322387695312e-08,-1.308530724249901e-12,True,0.0001
China,Female,Prevalence,2012,2309127.2229048535,2309127.222904888,1933770.492625536,2729035.947534808,-3.4458935260772705e-08,-1.4922926254978397e-12,True,0.0001
China,Female,Prevalence,2013,2338397.391296876,2338397.391296904,1956205.8943848195,2766870.0962050804,-2.7939677238464355e-08,-1.1948216048500066e-12,True,0.0001
China,Female,Prevalence,2014,2364402.3073713034,2364402.307371334,1977312.8908396508,2798276.977449816,-3.073364496231079e-08,-1.2998483746397399e-12,True,0.0001
China,Female,Prevalence,2015,2387152.7627342385,2387152.762734269,1994288.3963855363,2822623.7690289626,-3.026798367500305e-08,-1.2679533604851413e-12,True,0.0001
China,Female,Prevalence,2016,2405527.419922033,2405527.419922061,2007812.1300819835,2843796.03096834,-2.7939677238464355e-08,-1.161478227480342e-12,True,0.0001
China,Female,Prevalence,2017,2420511.7206743225,2420511.720674352,2018873.4784397543,2859449.6349322554,-2.9336661100387573e-08,-1.2120024393938656e-12,True,0.0001
China,Female,Prevalence,2018,2433487.206529102,2433487.20652914,2035106.6110250144,2870246.4691068204,-3.818422555923462e-08,-1.5691155251108314e-12,True,0.0001
China,Female,Prevalence,2019,2444345.511956303,2444345.5119563355,2047032.0991176297,2876252.169885299,-3.259629011154175e-08,-1.333538566953788e-12,True,0.0001
China,Female,Prevalence,2020,2454441.2822899325,2454441.2822899646,2061223.476543288,2885342.87989513,-3.213062882423401e-08,-1.3090811768883105e-12,True,0.0001
China,Female,Prevalence,2021,2461987.5086283623,2461987.508628393,2072787.5374510344,2874307.948343068,-3.073364496231079e-08,-1.248326600139126e-12,True,0.0001
China,Female,Prevalence,2022,2467357.741557217,2467357.7415572447,2076834.4611637348,2873629.950772404,-2.7474015951156616e-08,-1.1134994933412738e-12,True,0.0001
China,Female,Prevalence,2023,2469230.2557262643,2469230.2557263006,2074473.28187423,2895939.495493994,-3.632158041000366e-08,-1.4709677368391072e-12,True,0.0001
China,Male,DALYs,1990,1249020.564090925,1249020.5640909243,905406.3052012458,1575895.407432924,6.984919309616089e-10,5.592317300796347e-14,True,0.0001
China,Male,DALYs,1991,1284845.2223174209,1284845.222317421,934721.0884744504,1617794.5888275534,-2.3283064365386963e-10,-1.8121298940110686e-14,True,0.0001
China,Male,DALYs,1992,1319026.688590583,1319026.6885905836,953759.945881439,1666394.3941318423,-6.984919309616089e-10,-5.295510219796741e-14,True,0.0001
China,Male,DALYs,1993,1351058.27671169,1351058.2767116902,982016.4048933022,1706262.514523272,-2.3283064365386963e-10,-1.7233205085760682e-14,True,0.0001
China,Male,DALYs,1994,1378508.1822804413,1378508.1822804406,999627.5669022067,1742087.374551117,6.984919309616089e-10,5.067013311492331e-14,True,0.0001
China,Male,DALYs,1995,1404256.4876994074,1404256.487699408,1020941.0153501448,1769940.0166713311,-6.984919309616089e-10,-4.974105066133235e-14,True,0.0001
China,Male,DALYs,1996,1426207.9778103698,1426207.9778103686,1042534.8470168508,1799074.9584171795,1.1641532182693481e-09,8.162576821766568e-14,True,0.0001
China,Male,DALYs,1997,1444210.741183459,1444210.7411834598,1054626.943426134,1825979.230214959,-6.984919309616089e-10,-4.8364958869453433e-14,True,0.0001
China,Male,DALYs,1998,1460299.386706869,1460299.3867068684,1064269.780953127,1830734.371728976,4.656612873077393e-10,3.1888069771627814e-14,True,0.0001
China,Male,DALYs,1999,1479102.995438122,1479102.9954381222,1087232.154920909,1861032.9311311825,-2.3283064365386963e-10,-1.574134082426784e-14,True,0.0001
China,Male,DALYs,2000,1498072.056943776,1498072.0569437756,1097448.298516673,1892302.0103357024,4.656612873077393e-10,3.108403799065161e-14,True,0.0001
China,Male,DALYs,2001,1518112.6051374185,1518112.6051374185,1106187.480328354,1903210.9698704309,0.0,0.0,True,0.0001
China,Male,DALYs,2002,1539684.4136777553,1539684.4136777548,1124166.4372137354,1944740.3239670943,4.656612873077393e-10,3.0243943705024664e-14,True,0.0001
China,Male,DALYs,2003,1561660.23379176,1561660.2337917602,1145869.2262000288,1972833.750615737,-2.3283064365386963e-10,-1.490917413505174e-14,True,0.0001
China,Male,DALYs,2004,1586354.2806807563,1586354.2806807563,1163297.1201913245,1993233.189132681,0.0,0.0,True,0.0001
China,Male,DALYs,2005,1610300.1468089446,1610300.1468089444,1172920.793907056,2030409.6079442825,2.3283064365386963e-10,1.4458835150407152e-14,True,0.0001
China,Male,DALYs,2006,1634232.3352895668,1634232.3352895677,1197247.5710105945,2056789.4137709783,-9.313225746154785e-10,-5.698838252704494e-14,True,0.0001
China,Male,DALYs,2007,1657810.658201226,1657810.6582012246,1219569.5734520147,2079048.1200886983,1.3969838619232178e-09,8.426679217028247e-14,True,0.0001
China,Male,DALYs,2008,1682943.068123142,1682943.068123141,1242657.3380657204,2114271.974531363,9.313225746154785e-10,5.533892335728933e-14,True,0.0001
China,Male,DALYs,2009,1706186.9700934775,1706186.9700934773,1243305.6179639588,2134640.4220059933,2.3283064365386963e-10,1.3646256109968622e-14,True,0.0001
China,Male,DALYs,2010,1728844.3927304489,1728844.392730448,1270930.4702517951,2175092.8756425874,9.313225746154785e-10,5.3869658746129e-14,True,0.0001
China,Male,DALYs,2011,1748355.9741309138,1748355.9741309143,1283505.9889810844,2189358.2419494465,-4.656612873077393e-10,-2.6634237775245605e-14,True,0.0001
China,Male,DALYs,2012,1767957.5338313116,1767957.5338313105,1291241.105531836,2217381.485636852,1.1641532182693481e-09,6.584735187312625e-14,True,0.0001
China,Male,DALYs,2013,1785143.040573462,1785143.0405734612,1293706.8545283738,2230411.7033274043,6.984919309616089e-10,3.912806509540124e-14,True,0.0001
China,Male,DALYs,2014,1800241.2078121481,1800241.2078121486,1315206.815783712,2239205.012096592,-4.656612873077393e-10,-2.586660527972594e-14,True,0.0001
China,Male,DALYs,2015,1814144.5334104423,1814144.533410441,1323120.5202469137,2252204.5972659914,1.3969838619232178e-09,7.700510274652727e-14,True,0.0001
China,Male,DALYs,2016,1827389.0656118798,1827389.065611879,1333265.2989532873,2291301.1595083084,6.984919309616089e-10,3.822349296632829e-14,True,0.0001
China,Male,DALYs,2017,1839091.8420401285,1839091.842040127,1335243.2015444078,2295495.4425256127,1.6298145055770874e-09,8.862061525807838e-14,True,0.0001
China,Male,DALYs,2018,1849335.1934016524,1849335.193401653,1353068.364749332,2306918.90609842,-6.984919309616089e-10,-3.7769893389462194e-14,True,0.0001
China,Male,DALYs,2019,1858924.1773466826,1858924.1773466829,1366271.9186803035,2316413.0822283607,-2.3283064365386963e-10,-1.252502100361071e-14,True,0.0001
China,Male,DALYs,2020,1865959.1333842778,1865959.1333842769,1355430.0383242934,2308335.86601693,9.313225746154785e-10,4.991119890853908e-14,True,0.0001
China,Male,DALYs,2021,1867954.9206546342,1867954.9206546347,1350637.2261766389,2325663.556045383,-4.656612873077393e-10,-2.4928936033667545e-14,True,0.0001
China,Male,DALYs,2022,1868996.9057142818,1868996.9057142823,1356668.693634727,2336600.625885504,-4.656612873077393e-10,-2.4915037894606656e-14,True,0.0001
China,Male,DALYs,2023,1867497.0250253347,1867497.025025336,1364870.6322523328,2322508.4111157884,-1.3969838619232178e-09,-7.4805145240018e-14,True,0.0001
China,Male,Incidence,1990,152988.79964753237,152988.79964754736,129743.0844827002,182807.85243800184,-1.4988472685217857e-08,-9.797104572196141e-12,True,0.0001
China,Male,Incidence,1991,155604.519012876,155604.5190128936,131543.3361503053,186341.47667871,-1.760781742632389e-08,-1.1315749399839013e-11,True,0.0001
China,Male,Incidence,1992,157577.20365025717,157577.20365027856,133192.59224883773,188638.27795587605,-2.1391315385699272e-08,-1.3575133261772066e-11,True,0.0001
China,Male,Incidence,1993,159029.98814637604,159029.9881464026,133897.11291866837,189988.4825564725,-2.657179720699787e-08,-1.6708670809014926e-11,True,0.0001
China,Male,Incidence,1994,160073.05552470832,160073.0555247229,134278.7013348491,191376.56958341,-1.4581019058823586e-08,-9.108977779568643e-12,True,0.0001
China,Male,Incidence,1995,160686.02754338225,160686.02754340548,134271.15409695706,191551.87274480445,-2.3224856704473495e-08,-1.4453563299522018e-11,True,0.0001
China,Male,Incidence,1996,160945.78919036628,160945.78919039227,134393.22023855383,191617.0762280945,-2.5989720597863197e-08,-1.614812088505057e-11,True,0.0001
China,Male,Incidence,1997,161015.81643977365,161015.81643980576,134521.45855152482,191411.83712988376,-3.2101524993777275e-08,-1.9936876825872647e-11,True,0.0001
China,Male,Incidence,1998,161216.21434004678,161216.214340075,134795.65838361907,191221.8739644973,-2.8230715543031693e-08,-1.751108947607519e-11,True,0.0001
China,Male,Incidence,1999,161782.8577216747,161782.8577216961,135439.047832689,191400.50327333988,-2.1420419216156006e-08,-1.3240227993131433e-11,True,0.0001
China,Male,Incidence,2000,162711.82868326033,162711.8286832899,136582.55531864846,192364.47009243543,-2.9569491744041443e-08,-1.817292079090139e-11,True,0.0001
China,Male,Incidence,2001,163983.1520923152,163983.15209233956,138356.35249207303,194000.7445128758,-2.435990609228611e-08,-1.48551273600162e-11,True,0.0001
China,Male,Incidence,2002,165469.6677026769,165469.66770268703,140038.60055013973,195555.47117343472,-1.0128132998943329e-08,-6.1208396315519165e-12,True,0.0001
China,Male,Incidence,2003,167203.59773409722,167203.59773411645,141485.12057525784,197258.49997746293,-1.9237631931900978e-08,-1.1505513154383344e-11,True,0.0001
China,Male,Incidence,2004,169219.1248109552,169219.12481098875,143089.6405045606,200304.18102190737,-3.355671651661396e-08,-1.9830333335014894e-11,True,0.0001
China,Male,Incidence,2005,171356.4232853922,171356.42328542084,145058.70731088013,202116.7049969323,-2.8638169169425964e-08,-1.6712632430314344e-11,True,0.0001
China,Male,Incidence,2006,173482.47430579033,173482.47430582985,146750.10346674762,203829.9846060176,-3.952300176024437e-08,-2.2782129387069854e-11,True,0.0001
China,Male,Incidence,2007,175513.31899987752,175513.31899990822,149056.66275819542,206278.53464023743,-3.070454113185406e-08,-1.7494137371916552e-11,True,0.0001
China,Male,Incidence,2008,177388.0755905944,177388.07559061213,150959.86568020837,207724.1728630213,-1.7724232748150826e-08,-9.991783658026695e-12,True,0.0001
China,Male,Incidence,2009,178969.6264329532,178969.62643298766,152359.8700027892,209409.8383909059,-3.4458935260772705e-08,-1.925406894318758e-11,True,0.0001
China,Male,Incidence,2010,180219.7278610953,180219.72786112336,153221.4591770933,211086.82870946737,-2.805609256029129e-08,-1.5567714419095787e-11,True,0.0001
China,Male,Incidence,2011,180888.08093273704,180888.0809327568,153271.66661669803,212173.49575729764,-1.9761500880122185e-08,-1.0924711444900734e-11,True,0.0001
China,Male,Incidence,2012,181020.99031620464,181020.99031622885,152679.40768549708,212413.2044219267,-2.421438694000244e-08,-1.3376563070228424e-11,True,0.0001
China,Male,Incidence,2013,180751.12317803313,180751.123178054,152653.9878494841,212582.0402517618,-2.0867446437478065e-08,-1.1544850217567943e-11,True,0.0001
China,Male,Incidence,2014,180108.46925531077,180108.46925533298,152563.26074514425,212260.29328024588,-2.2206222638487816e-08,-1.2329360596034433e-11,True,0.0001
China,Male,Incidence,2015,179478.90592090253,179478.90592093233,152471.84958021386,211013.2305159008,-2.9802322387695312e-08,-1.6604916457884155e-11,True,0.0001
China,Male,Incidence,2016,178857.64026133734,178857.64026137016,152511.0212682861,210514.7438109164,-3.282912075519562e-08,-1.8354888674155276e-11,True,0.0001
China,Male,Incidence,2017,178248.4332455153,178248.4332455475,152211.35548479343,209999.90118552744,-3.2188836485147476e-08,-1.805841201465457e-11,True,0.0001
China,Male,Incidence,2018,177666.16964420996,177666.16964423755,151874.43526332278,209482.60589396293,-2.759043127298355e-08,-1.5529366861587215e-11,True,0.0001
China,Male,Incidence,2019,177012.89913267927,177012.89913270195,151011.02403249952,208926.1843893916,-2.2671883925795555e-08,-1.2808040564772083e-11,True,0.0001
China,Male,Incidence,2020,176458.55218986873,176458.55218989603,149993.68883618058,208179.7187274458,-2.7299392968416214e-08,-1.5470711183801367e-11,True,0.0001
China,Male,Incidence,2021,175780.8073061863,175780.80730622163,149132.02307456982,206776.6572640864,-3.5332050174474716e-08,-2.0100061386635902e-11,True,0.0001
China,Male,Incidence,2022,175196.04213321456,175196.04213324396,148199.9320782662,205280.2860844509,-2.939486876130104e-08,-1.677827215922207e-11,True,0.0001
China,Male,Incidence,2023,174591.6149088276,174591.6149088563,147864.0219678068,202989.0999873824,-2.8696376830339432e-08,-1.643628581207641e-11,True,0.0001
China,Male,Prevalence,1990,1926495.660197918,1926495.660197955,1592841.4464992003,2282654.1326284623,-3.702007234096527e-08,-1.9216276011315443e-12,True,0.0001
China,Male,Prevalence,1991,1981431.2671110914,1981431.26711112,1635877.966147833,2344890.625702519,-2.8638169169425964e-08,-1.4453274077571077e-12,True,0.0001
China,Male,Prevalence,1992,2032456.07628442,2032456.0762844405,1679751.4794171122,2403087.4467141097,-2.0489096641540527e-08,-1.0080954211319004e-12,True,0.0001
China,Male,Prevalence,1993,2079637.6665027612,2079637.6665027912,1724860.2269732938,2457764.3145867456,-3.003515303134918e-08,-1.444249328386978e-12,True,0.0001
China,Male,Prevalence,1994,2122333.884842355,2122333.884842381,1766826.845653586,2509671.903148316,-2.60770320892334e-08,-1.2286960254215636e-12,True,0.0001
China,Male,Prevalence,1995,2160331.847977821,2160331.847977845,1803642.879324045,2557228.5091774524,-2.421438694000244e-08,-1.1208642303111003e-12,True,0.0001
China,Male,Prevalence,1996,2193614.1796874353,2193614.179687463,1831543.972403248,2600733.7446495723,-2.7939677238464355e-08,-1.2736823775658252e-12,True,0.0001
China,Male,Prevalence,1997,2223505.0205270103,2223505.0205270364,1856484.1567035413,2640082.807029546,-2.60770320892334e-08,-1.1727894404777359e-12,True,0.0001
China,Male,Prevalence,1998,2252272.2645152723,2252272.264515297,1878839.256760688,2678007.2528565624,-2.468004822731018e-08,-1.0957844047607398e-12,True,0.0001
China,Male,Prevalence,1999,2281189.8095095907,2281189.8095096136,1903263.551016915,2717342.4742003693,-2.2817403078079224e-08,-1.000241320689762e-12,True,0.0001
China,Male,Prevalence,2000,2311360.656753655,2311360.6567536783,1928777.359759037,2751228.396338567,-2.3283064365386963e-08,-1.0073315169294342e-12,True,0.0001
China,Male,Prevalence,2001,2343397.975150212,2343397.975150238,1962076.271828496,2788550.4442400443,-2.561137080192566e-08,-1.0929159738769376e-12,True,0.0001
China,Male,Prevalence,2002,2376993.624242849,2376993.624242876,1985400.741246019,2828723.231207089,-2.7008354663848877e-08,-1.1362400970869925e-12,True,0.0001
China,Male,Prevalence,2003,2412723.2119740467,2412723.211974076,2011162.5578386444,2872481.344728249,-2.9336661100387573e-08,-1.2159149029110758e-12,True,0.0001
China,Male,Prevalence,2004,2450227.9327144125,2450227.932714448,2046762.8636146584,2918740.4899893026,-3.5390257835388184e-08,-1.4443659450156388e-12,True,0.0001
China,Male,Prevalence,2005,2488668.6031593364,2488668.6031593755,2082678.261458096,2966975.3784778104,-3.91155481338501e-08,-1.5717459562190297e-12,True,0.0001
China,Male,Prevalence,2006,2527488.3814136693,2527488.381413698,2117717.1957238186,3006836.60040223,-2.8870999813079834e-08,-1.1422802187890352e-12,True,0.0001
China,Male,Prevalence,2007,2566872.293877601,2566872.2938776407,2152233.0835046265,3042174.877397457,-3.958120942115784e-08,-1.542001505706564e-12,True,0.0001
China,Male,Prevalence,2008,2606974.9426670456,2606974.9426670736,2186837.270522241,3084347.620156977,-2.7939677238464355e-08,-1.071727878208165e-12,True,0.0001
China,Male,Prevalence,2009,2646937.4696626556,2646937.4696626808,2221848.133582908,3126886.449014224,-2.514570951461792e-08,-9.499925783219363e-13,True,0.0001
China,Male,Prevalence,2010,2685317.686562669,2685317.6865626983,2255110.4707459803,3168804.4933198085,-2.9336661100387573e-08,-1.0924838147526424e-12,True,0.0001
China,Male,Prevalence,2011,2720336.8785979794,2720336.878598017,2283505.3828604124,3210509.7535044304,-3.771856427192688e-08,-1.3865401953954296e-12,True,0.0001
China,Male,Prevalence,2012,2752686.8162818765,2752686.816281916,2309583.487180623,3251320.753974392,-3.958120942115784e-08,-1.4379118317070522e-12,True,0.0001
China,Male,Prevalence,2013,2783095.121206618,2783095.121206645,2332884.0528632784,3287351.48047955,-2.7008354663848877e-08,-9.704431033654025e-13,True,0.0001
China,Male,Prevalence,2014,2810752.0878575463,2810752.0878575644,2351190.4665768533,3312977.816591866,-1.816079020500183e-08,-6.461185347315531e-13,True,0.0001
China,Male,Prevalence,2015,2835893.993945286,2835893.9939453187,2366153.7034170483,3338331.2502106107,-3.259629011154175e-08,-1.1494184966411076e-12,True,0.0001
China,Male,Prevalence,2016,2856528.2905266923,2856528.29052672,2378655.2419217844,3358483.2387359445,-2.7939677238464355e-08,-9.780990908132232e-13,True,0.0001
China,Male,Prevalence,2017,2873328.8826711737,2873328.8826712044,2388218.2807156374,3380032.4985419684,-3.073364496231079e-08,-1.0696180707910857e-12,True,0.0001
China,Male,Prevalence,2018,2888065.261606731,2888065.261606763,2399734.490986201,3403632.6684638374,-3.213062882423401e-08,-1.1125312592956528e-12,True,0.0001
China,Male,Prevalence,2019,2900956.161785109,2900956.1617851416,2413091.5701149814,3429526.809197774,-3.259629011154175e-08,-1.123639527578493e-12,True,0.0001
China,Male,Prevalence,2020,2913669.047501868,2913669.047501896,2426639.154395278,3444650.7049775,-2.7939677238464355e-08,-9.58917323242978e-13,True,0.0001
China,Male,Prevalence,2021,2921515.60020626,2921515.600206292,2432274.39577732,3443952.7401160635,-3.166496753692627e-08,-1.0838541315572768e-12,True,0.0001
China,Male,Prevalence,2022,2925835.695224036,2925835.695224072,2435780.865742537,3443043.5701292767,-3.585591912269592e-08,-1.225493255866165e-12,True,0.0001
China,Male,Prevalence,2023,2925661.0088334684,2925661.008833505,2451024.632797577,3441425.912991318,-3.67872416973114e-08,-1.2573993222809809e-12,True,0.0001
United States of America,Female,DALYs,1990,386308.3580932117,386308.3580932116,272674.0469760214,478016.2035399573,1.1641532182693481e-10,3.013533603092408e-14,True,0.0001
United States of America,Female,DALYs,1991,389766.1324478331,389766.13244783296,276540.73070277326,479779.573068119,1.1641532182693481e-10,2.9867993172166146e-14,True,0.0001
United States of America,Female,DALYs,1992,393715.22426616284,393715.22426616267,280846.8753696283,484228.1670267821,1.7462298274040222e-10,4.4352611221950646e-14,True,0.0001
United States of America,Female,DALYs,1993,397024.4704552266,397024.4704552267,283763.74308546446,490688.1912596411,-1.1641532182693481e-10,-2.9321951287650724e-14,True,0.0001
United States of America,Female,DALYs,1994,400290.0474348204,400290.0474348205,284076.1227600512,495620.72061404405,-1.1641532182693481e-10,-2.9082742019932634e-14,True,0.0001
United States of America,Female,DALYs,1995,403319.6293571214,403319.6293571216,287366.98082967114,495404.8950800047,-1.7462298274040222e-10,-4.3296425472458555e-14,True,0.0001
United States of America,Female,DALYs,1996,406941.8693641464,406941.8693641463,290146.6179708244,502459.54948566185,5.820766091346741e-11,1.4303679541360018e-14,True,0.0001
United States of America,Female,DALYs,1997,410376.2563749416,410376.2563749416,294335.50142938085,504249.7450902709,0.0,0.0,True,0.0001
United States of America,Female,DALYs,1998,413525.5910798247,413525.5910798247,296239.11725706124,509228.1773371886,0.0,0.0,True,0.0001
United States of America,Female,DALYs,1999,416864.86590806284,416864.8659080625,297176.9118055197,515530.2148040177,3.4924596548080444e-10,8.377917978768423e-14,True,0.0001
United States of America,Female,DALYs,2000,420223.4959767614,420223.4959767615,299744.76458157995,517194.17000174685,-1.1641532182693481e-10,-2.770319197795942e-14,True,0.0001
United States of America,Female,DALYs,2001,424958.3211948544,424958.3211948545,303936.31193166063,522012.67479944666,-1.1641532182693481e-10,-2.7394526950221867e-14,True,0.0001
United States of America,Female,DALYs,2002,430623.46454700775,430623.464547008,306918.6497491017,531810.3811485552,-2.3283064365386963e-10,-5.40682667858786e-14,True,0.0001
United States of America,Female,DALYs,2003,435070.31868373096,435070.3186837309,311444.4900792019,538884.7406535803,5.820766091346741e-11,1.3378908745043755e-14,True,0.0001
United States of America,Female,DALYs,2004,440523.9570761429,440523.957076143,312416.79705597553,545533.3373851815,-1.1641532182693481e-10,-2.6426558637039763e-14,True,0.0001
United States of America,Female,DALYs,2005,445083.8698901595,445083.8698901592,316931.5304532987,548089.6325521815,2.9103830456733704e-10,6.538954211914294e-14,True,0.0001
United States of America,Female,DALYs,2006,449741.5791692175,449741.5791692176,318921.1274142858,554579.7945270756,-1.1641532182693481e-10,-2.5884936421040347e-14,True,0.0001
United States of America,Female,DALYs,2007,453440.798552537,453440.79855253664,322734.76436402753,556702.6631304789,3.4924596548080444e-10,7.702129287784853e-14,True,0.0001
United States of America,Female,DALYs,2008,456913.1888114184,456913.1888114185,324957.5921973753,562279.9398278192,-5.820766091346741e-11,-1.2739326055543435e-14,True,0.0001
United States of America,Female,DALYs,2009,460035.7997911997,460035.79979119945,328383.61706747126,563213.2407952552,2.3283064365386963e-10,5.0611418450378546e-14,True,0.0001
United States of America,Female,DALYs,2010,462897.52194327326,462897.521943273,328666.8426154209,566403.2293299309,2.3283064365386963e-10,5.0298528857193246e-14,True,0.0001
United States of America,Female,DALYs,2011,463918.3500665526,463918.3500665524,328878.2689820403,569721.3017804038,1.7462298274040222e-10,3.764088717666618e-14,True,0.0001
United States of America,Female,DALYs,2012,461776.29403708,461776.29403708,329476.0908316671,566617.8312891837,0.0,0.0,True,0.0001
United States of America,Female,DALYs,2013,458575.2496257609,458575.24962576095,328329.963370282,563202.32234683,-5.820766091346741e-11,-1.2693153623308312e-14,True,0.0001
United States of America,Female,DALYs,2014,456196.16544288903,456196.1654428888,323760.56575203105,557791.4742751173,2.3283064365386963e-10,5.1037396035065465e-14,True,0.0001
United States of America,Female,DALYs,2015,456399.8515765737,456399.8515765738,325079.45614367607,561319.9748654447,-1.1641532182693481e-10,-2.5507309308886334e-14,True,0.0001
United States of America,Female,DALYs,2016,458364.23977264453,458364.2397726444,327754.9755192451,562397.5886081783,1.1641532182693481e-10,2.539799393702235e-14,True,0.0001
United States of America,Female,DALYs,2017,460088.7276186638,460088.7276186639,327567.5980389934,564073.8134211772,-1.1641532182693481e-10,-2.5302798099288256e-14,True,0.0001
United States of America,Female,DALYs,2018,461557.03383287095,461557.0338328709,331503.8237576811,567169.4999805598,5.820766091346741e-11,1.2611152392175289e-14,True,0.0001
United States of America,Female,DALYs,2019,462622.9279184236,462622.9279184236,333627.594354937,563274.6070809829,0.0,0.0,True,0.0001
United States of America,Female,DALYs,2020,462058.67470096477,462058.674700965,331263.433340535,562650.3399065428,-2.3283064365386963e-10,-5.0389843628528975e-14,True,0.0001
United States of America,Female,DALYs,2021,461712.68157202186,461712.6815720217,329228.186793371,562610.8818176397,1.7462298274040222e-10,3.7820703158044644e-14,True,0.0001
United States of America,Female,DALYs,2022,462938.2405896978,462938.2405896977,333508.21784040495,562627.3641901945,5.820766091346741e-11,1.2573526187709533e-14,True,0.0001
United States of America,Female,DALYs,2023,465493.9030577847,465493.9030577853,334682.063958439,564153.8126365279,-5.820766091346741e-10,-1.2504494802425295e-13,True,0.0001
United States of America,Female,Incidence,1990,31876.000537517666,31876.00053752164,26747.83908744369,38496.19931692621,-3.9726728573441505e-09,-1.246289619260066e-11,True,0.0001
United States of America,Female,Incidence,1991,31923.329573520463,31923.329573525087,26778.863474245623,38476.03055009001,-4.623871063813567e-09,-1.448430074677509e-11,True,0.0001
United States of America,Female,Incidence,1992,31972.517654583273,31972.51765458579,26841.180675094496,38480.41846331394,-2.5174813345074654e-09,-7.873891451730531e-12,True,0.0001
United States of America,Female,Incidence,1993,32014.62893889863,32014.62893890286,26921.060357858627,38331.47271870769,-4.230969352647662e-09,-1.321573759521655e-11,True,0.0001
United States of America,Female,Incidence,1994,32045.03071322036,32045.030713225453,26994.397407486213,38187.04095542863,-5.093170329928398e-09,-1.589379138222006e-11,True,0.0001
United States of America,Female,Incidence,1995,32071.388756316537,32071.38875631992,27041.63494945058,38062.49003621891,-3.383320290595293e-09,-1.0549341396788073e-11,True,0.0001
United States of America,Female,Incidence,1996,32106.694047652658,32106.69404765806,27088.743678450384,38103.38350191731,-5.402398528531194e-09,-1.6826393027298486e-11,True,0.0001
United States of America,Female,Incidence,1997,32180.141349192232,32180.141349197995,27240.59071777973,38175.21635719451,-5.762558430433273e-09,-1.7907188063289503e-11,True,0.0001
United States of America,Female,Incidence,1998,32304.651562182913,32304.651562188406,27409.99006577595,38366.35684637107,-5.4933479987084866e-09,-1.700482046102079e-11,True,0.0001
United States of America,Female,Incidence,1999,32475.70854339285,32475.708543396304,27571.05641309637,38608.53299939037,-3.4524418879300356e-09,-1.063084392236321e-11,True,0.0001
United States of America,Female,Incidence,2000,32698.345746148683,32698.34574615284,27724.759664447807,38899.11860875602,-4.158209776505828e-09,-1.2716881180434232e-11,True,0.0001
United States of America,Female,Incidence,2001,33133.231420396696,33133.23142040086,28169.731818521417,39477.75935580285,-4.16184775531292e-09,-1.2560947353750648e-11,True,0.0001
United States of America,Female,Incidence,2002,33594.32349885111,33594.32349885473,28649.37386858684,40001.94117992481,-3.6161509342491627e-09,-1.0764172507812047e-11,True,0.0001
United States of America,Female,Incidence,2003,34036.50676899732,34036.50676900302,29110.04154067778,40484.378323388366,-5.6970748119056225e-09,-1.6738130180544665e-11,True,0.0001
United States of America,Female,Incidence,2004,34503.76477944763,34503.76477945296,29565.59543531119,41008.61630545591,-5.333276931196451e-09,-1.5457086973803e-11,True,0.0001
United States of America,Female,Incidence,2005,34900.79848133057,34900.798481334525,29949.773541183,41450.207225948965,-3.958120942115784e-09,-1.1341061277531077e-11,True,0.0001
United States of America,Female,Incidence,2006,35266.293506274196,35266.29350627869,30266.87124952949,41966.28422913287,-4.496541805565357e-09,-1.275025345310192e-11,True,0.0001
United States of America,Female,Incidence,2007,35561.16529540296,35561.16529540873,30532.05250357546,42378.479253014295,-5.769834388047457e-09,-1.622509931864464e-11,True,0.0001
United States of America,Female,Incidence,2008,35814.95144180835,35814.95144181412,30769.783856764618,42583.92695768016,-5.769834388047457e-09,-1.6110127630415127e-11,True,0.0001
United States of America,Female,Incidence,2009,36051.56401882221,36051.56401882846,30984.87468416757,42747.081811171854,-6.250047590583563e-09,-1.733641177763989e-11,True,0.0001
United States of America,Female,Incidence,2010,36249.962123236415,36249.96212324095,31095.381594216207,42845.41239232416,-4.532921593636274e-09,-1.2504624358573001e-11,True,0.0001
United States of America,Female,Incidence,2011,36321.73260793735,36321.732607942686,31137.10514884152,42783.69332434324,-5.333276931196451e-09,-1.4683432061911585e-11,True,0.0001
United States of America,Female,Incidence,2012,36194.472299051034,36194.47229905513,30986.18525377438,42496.86647955925,-4.096364136785269e-09,-1.1317651222925016e-11,True,0.0001
United States of America,Female,Incidence,2013,35958.6201067617,35958.6201067673,30756.13043561696,42226.897870859786,-5.602487362921238e-09,-1.5580373624701095e-11,True,0.0001
United States of America,Female,Incidence,2014,35767.06620745882,35767.06620746428,30587.231458100105,42015.362097148114,-5.464244168251753e-09,-1.5277306046173312e-11,True,0.0001
United States of America,Female,Incidence,2015,35703.087094552124,35703.087094556715,30461.64823707697,41799.067443414286,-4.591129254549742e-09,-1.2859194059019351e-11,True,0.0001
United States of America,Female,Incidence,2016,35748.2083804256,35748.2083804323,30469.7998740225,41755.01400421802,-6.693881005048752e-09,-1.8725081083260162e-11,True,0.0001
United States of America,Female,Incidence,2017,35764.08086224515,35764.080862251605,30516.11782985247,41738.00468929028,-6.453774403780699e-09,-1.8045408264895606e-11,True,0.0001
United States of America,Female,Incidence,2018,35753.54784461581,35753.54784462045,30538.503418965043,41710.49338001133,-4.642060957849026e-09,-1.2983497408488593e-11,True,0.0001
United States of America,Female,Incidence,2019,35737.88665795395,35737.88665795939,30521.583938624084,41671.93053213306,-5.435140337795019e-09,-1.5208342871008933e-11,True,0.0001
United States of America,Female,Incidence,2020,35698.504630940304,35698.504630944415,30454.74351232541,41599.94634933358,-4.110916052013636e-09,-1.1515653371234446e-11,True,0.0001
United States of America,Female,Incidence,2021,35625.498151893466,35625.49815189751,30456.46360919056,41484.34613224223,-4.045432433485985e-09,-1.1355441027764306e-11,True,0.0001
United States of America,Female,Incidence,2022,35677.304965663316,35677.3049656697,30415.60335875648,41551.482935122105,-6.3810148276388645e-09,-1.7885361110596675e-11,True,0.0001
United States of America,Female,Incidence,2023,36070.98539056532,36070.985390571375,30645.386176275875,42094.20188525653,-6.05359673500061e-09,-1.6782454566885673e-11,True,0.0001
United States of America,Female,Prevalence,1990,625835.9820013104,625835.9820013156,518779.0947102598,742574.1695332523,-5.122274160385132e-09,-8.18469104957018e-13,True,0.0001
United States of America,Female,Prevalence,1991,632391.2828289767,632391.2828289827,525083.5926655938,750530.3601009073,-5.9371814131736755e-09,-9.388461818470804e-13,True,0.0001
United States of America,Female,Prevalence,1992,638173.0036682333,638173.0036682378,530816.2358232755,757782.3250803833,-4.540197551250458e-09,-7.114367930252869e-13,True,0.0001
United States of America,Female,Prevalence,1993,643461.3601324925,643461.3601324977,536176.3104128905,764532.8003259057,-5.238689482212067e-09,-8.14142045939378e-13,True,0.0001
United States of America,Female,Prevalence,1994,648893.1491612307,648893.1491612373,541374.4348846932,771299.3339798367,-6.6356733441352844e-09,-1.0226141781143152e-12,True,0.0001
United States of America,Female,Prevalence,1995,654625.890109144,654625.8901091513,546768.2692338753,776588.571782344,-7.2177499532699585e-09,-1.102576305386651e-12,True,0.0001
United States of America,Female,Prevalence,1996,660212.2724505868,660212.2724505927,551456.1254945082,783885.8765003775,-5.9371814131736755e-09,-8.992837093342561e-13,True,0.0001
United States of America,Female,Prevalence,1997,665083.7605682724,665083.7605682787,555318.1923328354,790401.6125857634,-6.28642737865448e-09,-9.452083709400845e-13,True,0.0001
United States of America,Female,Prevalence,1998,669667.5634984006,669667.5634984081,559056.7832591403,796585.0976745348,-7.450580596923828e-09,-1.1125789874010434e-12,True,0.0001
United States of America,Female,Prevalence,1999,674735.7171341178,674735.7171341251,563210.9815356799,802269.6606279446,-7.2177499532699585e-09,-1.069715115115983e-12,True,0.0001
United States of America,Female,Prevalence,2000,680569.642856274,680569.642856278,567979.8497437614,807974.2780250909,-3.958120942115784e-09,-5.815894058253868e-13,True,0.0001
United States of America,Female,Prevalence,2001,688408.8771759957,688408.8771760024,574934.4018174866,817600.3921324145,-6.6356733441352844e-09,-9.639145519674599e-13,True,0.0001
United States of America,Female,Prevalence,2002,696625.8504299587,696625.8504299651,582088.4127576756,827717.5563276907,-6.402842700481415e-09,-9.191221796505987e-13,True,0.0001
United States of America,Female,Prevalence,2003,704571.3630048821,704571.363004886,588510.9691262196,837048.5463068465,-3.841705620288849e-09,-5.452542953072318e-13,True,0.0001
United States of America,Female,Prevalence,2004,712817.1508225384,712817.1508225455,595032.9083790178,846846.7042754759,-7.101334631443024e-09,-9.962350966511589e-13,True,0.0001
United States of America,Female,Prevalence,2005,720510.752050397,720510.7520504018,601121.6873362936,855914.5282047541,-4.773028194904327e-09,-6.624506548058343e-13,True,0.0001
United States of America,Female,Prevalence,2006,727695.307265097,727695.3072651052,607416.1485308799,863465.7247611373,-8.149072527885437e-09,-1.11984678841919e-12,True,0.0001
United States of America,Female,Prevalence,2007,733851.7917411213,733851.7917411285,612795.2383012329,871109.935724007,-7.2177499532699585e-09,-9.83543275972006e-13,True,0.0001
United States of America,Female,Prevalence,2008,739440.1162582786,739440.1162582851,617680.0968216074,875136.4745628419,-6.51925802230835e-09,-8.816478682948795e-13,True,0.0001
United States of America,Female,Prevalence,2009,744609.6205394687,744609.6205394759,622225.6187854486,878813.401134947,-7.2177499532699585e-09,-9.693334270970925e-13,True,0.0001
United States of America,Female,Prevalence,2010,749564.1664284262,749564.1664284342,626361.0192505869,882454.2222474148,-8.032657206058502e-09,-1.071643705212452e-12,True,0.0001
United States of America,Female,Prevalence,2011,751630.3921715221,751630.392171526,630170.0985778826,883500.514096145,-3.841705620288849e-09,-5.111163226369579e-13,True,0.0001
United States of America,Female,Prevalence,2012,749108.4864905686,749108.4864905773,629912.3631112871,879068.2135952809,-8.731149137020111e-09,-1.1655386762368411e-12,True,0.0001
United States of America,Female,Prevalence,2013,744712.8901352665,744712.8901352716,628054.960880655,872458.0950217718,-5.122274160385132e-09,-6.878186517564788e-13,True,0.0001
United States of America,Female,Prevalence,2014,741740.9014188912,741740.9014188988,626698.3941717704,867585.195088239,-7.683411240577698e-09,-1.0358618792464951e-12,True,0.0001
United States of America,Female,Prevalence,2015,742698.3748927853,742698.3748927914,627092.2723091221,867352.0978659994,-6.05359673500061e-09,-8.150814569742996e-13,True,0.0001
United States of America,Female,Prevalence,2016,746648.8520337628,746648.85203377,630325.8260561655,871357.6078986711,-7.101334631443024e-09,-9.510942944732259e-13,True,0.0001
United States of America,Female,Prevalence,2017,750126.4530200467,750126.4530200559,633186.7614233656,875417.7785273902,-9.19681042432785e-09,-1.2260346755271619e-12,True,0.0001
United States of America,Female,Prevalence,2018,753093.5562447091,753093.5562447172,635162.53769997,879108.5808754837,-8.149072527885437e-09,-1.0820797044819491e-12,True,0.0001
United States of America,Female,Prevalence,2019,756068.1912901178,756068.1912901247,637102.6859969071,882865.2042104466,-6.868503987789154e-09,-9.084503311889119e-13,True,0.0001
United States of America,Female,Prevalence,2020,758461.0258689335,758461.0258689399,639238.2009355436,885960.4297396921,-6.402842700481415e-09,-8.441887561916477e-13,True,0.0001
United States of America,Female,Prevalence,2021,759987.4287954769,759987.4287954834,640933.6849302186,888071.0541617571,-6.51925802230835e-09,-8.578112973053816e-13,True,0.0001
United States of America,Female,Prevalence,2022,762473.0912795641,762473.0912795708,645011.29298782,891573.3322665533,-6.752088665962219e-09,-8.855510762525358e-13,True,0.0001
United States of America,Female,Prevalence,2023,767642.2629328287,767642.2629328372,646810.7935539956,896626.818810405,-8.498318493366241e-09,-1.1070675630726417e-12,True,0.0001
United States of America,Male,DALYs,1990,386160.0774142717,386160.0774142718,278482.69899175625,478711.7788188408,-5.820766091346741e-11,-1.507345381304716e-14,True,0.0001
United States of America,Male,DALYs,1991,391278.8994517619,391278.89945176215,281625.30987315293,486772.4000043313,-2.3283064365386963e-10,-5.950503438342798e-14,True,0.0001
United States of America,Male,DALYs,1992,396005.8665673179,396005.8665673182,285936.1440478179,492746.51859240746,-2.9103830456733704e-10,-7.349343258223236e-14,True,0.0001
United States of America,Male,DALYs,1993,400204.92449808866,400204.9244980885,287873.7012608293,494698.1385947471,1.7462298274040222e-10,4.363339180781027e-14,True,0.0001
United States of America,Male,DALYs,1994,404849.98680294905,404849.9868029487,290155.00419822795,501962.1671810904,3.4924596548080444e-10,8.626552472898851e-14,True,0.0001
United States of America,Male,DALYs,1995,409512.14938374463,409512.149383745,295114.21892444027,509146.4577845104,-3.4924596548080444e-10,-8.528341979752439e-14,True,0.0001
United States of America,Male,DALYs,1996,414230.92845229636,414230.9284522961,298374.2823100697,517312.98299914633,2.3283064365386963e-10,5.620793322309418e-14,True,0.0001
United States of America,Male,DALYs,1997,418521.39881604764,418521.3988160477,301472.9944623305,519450.712606706,-5.820766091346741e-11,-1.3907929457879731e-14,True,0.0001
United States of America,Male,DALYs,1998,422351.20447561506,422351.20447561535,303697.5535573275,522921.88394116703,-2.9103830456733704e-10,-6.890907412675327e-14,True,0.0001
United States of America,Male,DALYs,1999,426733.6664765475,426733.6664765473,308004.37871265004,531132.5374151999,1.7462298274040222e-10,4.092083574802722e-14,True,0.0001
United States of America,Male,DALYs,2000,430838.1484896812,430838.14848968136,307849.8291351926,534046.7829014997,-1.7462298274040222e-10,-4.0530993681165277e-14,True,0.0001
United States of America,Male,DALYs,2001,436177.567305389,436177.56730538927,314314.27835553593,540330.4359248969,-2.9103830456733704e-10,-6.672473010597697e-14,True,0.0001
United States of America,Male,DALYs,2002,441114.03096695605,441114.0309669558,320890.18419163267,544620.7319100301,2.3283064365386963e-10,5.278241618011719e-14,True,0.0001
United States of America,Male,DALYs,2003,445312.64941278903,445312.64941278886,320700.75468472665,552686.4145482151,1.7462298274040222e-10,3.9213568932000624e-14,True,0.0001
United States of America,Male,DALYs,2004,450289.40062388364,450289.4006238835,326517.9626859695,559868.60646048,1.1641532182693481e-10,2.585344484361378e-14,True,0.0001
United States of America,Male,DALYs,2005,454782.22169189545,454782.2216918952,326885.2061273146,563831.5068573935,2.3283064365386963e-10,5.1196074197378627e-14,True,0.0001
United States of America,Male,DALYs,2006,459294.0437840054,459294.0437840053,329555.0285191185,569594.2839470744,1.1641532182693481e-10,2.5346577732168913e-14,True,0.0001
United States of America,Male,DALYs,2007,463113.11439266003,463113.1143926597,333613.0455390588,572851.4387259879,3.4924596548080444e-10,7.54126701721276e-14,True,0.0001
United States of America,Male,DALYs,2008,467106.03359148913,467106.0335914888,335004.3787842065,579569.3654300633,3.4924596548080444e-10,7.47680270356431e-14,True,0.0001
United States of America,Male,DALYs,2009,470811.2447053379,470811.2447053378,338528.115764164,580139.03324938,1.1641532182693481e-10,2.4726538105476765e-14,True,0.0001
United States of America,Male,DALYs,2010,474160.9263641347,474160.9263641349,339131.3029326834,583982.4742686525,-1.7462298274040222e-10,-3.682778842183622e-14,True,0.0001
United States of America,Male,DALYs,2011,477166.82525805425,477166.8252580545,341820.0993459078,587198.6226066299,-2.3283064365386963e-10,-4.8794390416381843e-14,True,0.0001
United States of America,Male,DALYs,2012,478982.6044842854,478982.60448428505,344272.7957918337,590158.4339758089,3.4924596548080444e-10,7.291412302057055e-14,True,0.0001
United States of America,Male,DALYs,2013,480440.8589547606,480440.8589547605,344988.29125675093,591723.2539799694,1.1641532182693481e-10,2.42309369940363e-14,True,0.0001
United States of America,Male,DALYs,2014,482396.62669572036,482396.6266957207,348852.8886570836,591181.7186201251,-3.4924596548080444e-10,-7.239809446285718e-14,True,0.0001
United States of America,Male,DALYs,2015,484994.68468115776,484994.6846811577,348300.12014960987,598969.1118096722,5.820766091346741e-11,1.2001711101583296e-14,True,0.0001
United States of America,Male,DALYs,2016,488042.9258562718,488042.9258562716,350278.567565894,598362.1116290814,2.3283064365386963e-10,4.7707001027700204e-14,True,0.0001
United States of America,Male,DALYs,2017,490262.2644389338,490262.2644389337,353213.4490814189,598566.9272086212,1.1641532182693481e-10,2.3745519545576882e-14,True,0.0001
United States of America,Male,DALYs,2018,491782.18861173565,491782.18861173553,353607.16835763754,604940.332229301,1.1641532182693481e-10,2.3672130573814923e-14,True,0.0001
United States of America,Male,DALYs,2019,493548.05886383535,493548.0588638352,357484.9280866431,600249.0624009636,1.7462298274040222e-10,3.5381150752044373e-14,True,0.0001
United States of America,Male,DALYs,2020,493819.68913187354,493819.6891318739,359377.0860659351,602757.6008113157,-3.4924596548080444e-10,-7.072337801977328e-14,True,0.0001
United States of America,Male,DALYs,2021,496707.324076798,496707.3240767981,359373.3040112272,606672.2196036751,-1.1641532182693481e-10,-2.343740794305971e-14,True,0.0001
United States of America,Male,DALYs,2022,500995.6936702033,500995.6936702032,362337.1444360275,616781.6334446882,1.1641532182693481e-10,2.3236790914128894e-14,True,0.0001
United States of America,Male,DALYs,2023,499087.2313822248,499087.2313822245,362580.2286313593,610405.881902028,3.4924596548080444e-10,6.997693860321091e-14,True,0.0001
United States of America,Male,Incidence,1990,35897.178491570245,35897.17849157495,30748.09599253233,42985.147915875554,-4.7075445763766766e-09,-1.3113968211962772e-11,True,0.0001
United States of America,Male,Incidence,1991,35977.17407939833,35977.17407940252,30804.16626633679,42929.86148118568,-4.18367562815547e-09,-1.1628694401961627e-11,True,0.0001
United States of America,Male,Incidence,1992,36059.90907320962,36059.90907321501,30839.38847860809,42871.036211242026,-5.384208634495735e-09,-1.49312873295487e-11,True,0.0001
United States of America,Male,Incidence,1993,36141.51283535622,36141.51283536252,30862.619419154595,42855.29675518784,-6.300979293882847e-09,-1.7434188000336497e-11,True,0.0001
United States of America,Male,Incidence,1994,36233.30219588879,36233.30219589324,30943.393575554765,42938.38178139378,-4.445610102266073e-09,-1.2269403650352212e-11,True,0.0001
United States of America,Male,Incidence,1995,36338.365527394606,36338.36552739726,31078.72954900049,43059.50264125732,-2.6557245291769505e-09,-7.308321358523048e-12,True,0.0001
United States of America,Male,Incidence,1996,36504.40782691612,36504.40782691987,31204.97124605067,43126.643664984345,-3.754394128918648e-09,-1.0284769298873549e-11,True,0.0001
United States of America,Male,Incidence,1997,36746.20831447295,36746.20831447749,31487.08838772568,43325.744378507006,-4.540197551250458e-09,-1.23555538367252e-11,True,0.0001
United States of America,Male,Incidence,1998,37037.8392241831,37037.839224186384,31774.31916945756,43599.59444443795,-3.281456883996725e-09,-8.859741693175972e-12,True,0.0001
United States of America,Male,Incidence,1999,37338.917806799895,37338.91780680408,32049.39112855742,43923.1939035004,-4.18367562815547e-09,-1.1204597974162765e-11,True,0.0001
United States of America,Male,Incidence,2000,37612.7983427586,37612.79834276235,32278.24815095673,44204.48814075564,-3.747118171304464e-09,-9.96234881849865e-12,True,0.0001
United States of America,Male,Incidence,2001,38109.27553938464,38109.27553938914,32678.004936131063,44708.65887545805,-4.503817763179541e-09,-1.1818166835851986e-11,True,0.0001
United States of America,Male,Incidence,2002,38562.09927363831,38562.09927364472,33068.63095716242,45183.45586357251,-6.410118658095598e-09,-1.6622846729914924e-11,True,0.0001
United States of America,Male,Incidence,2003,38943.75963620901,38943.75963621388,33415.74817803062,45583.90969646982,-4.867615643888712e-09,-1.2499090199196654e-11,True,0.0001
United States of America,Male,Incidence,2004,39366.18440401891,39366.18440402305,33798.645928472804,46081.74592157885,-4.140019882470369e-09,-1.0516690771908485e-11,True,0.0001
United States of America,Male,Incidence,2005,39741.87880767445,39741.878807679714,34117.39176324689,46661.2043198279,-5.260517355054617e-09,-1.3236710273591986e-11,True,0.0001
United States of America,Male,Incidence,2006,40162.560679275484,40162.56067928062,34442.5116302933,46993.06452130707,-5.136826075613499e-09,-1.2790086062076029e-11,True,0.0001
United States of America,Male,Incidence,2007,40552.09186742458,40552.09186743079,34736.20052536616,47293.0774854283,-6.213667802512646e-09,-1.532268131278111e-11,True,0.0001
United States of America,Male,Incidence,2008,40923.18844063004,40923.18844063545,35018.195834572085,47677.561037896376,-5.413312464952469e-09,-1.3227983134318093e-11,True,0.0001
United States of America,Male,Incidence,2009,41258.493188784916,41258.49318879018,35260.11924155934,48044.22348202477,-5.260517355054617e-09,-1.2750144148463196e-11,True,0.0001
United States of America,Male,Incidence,2010,41512.01998303068,41512.01998303494,35442.476714721764,48299.412033394925,-4.256435204297304e-09,-1.0253500566912468e-11,True,0.0001
United States of America,Male,Incidence,2011,41707.02108517278,41707.02108517692,35694.24684854423,48444.2850208823,-4.140019882470369e-09,-9.926433906692445e-12,True,0.0001
United States of America,Male,Incidence,2012,41836.103957580104,41836.10395758656,35891.74716805948,48557.59513492776,-6.453774403780699e-09,-1.5426327485760947e-11,True,0.0001
United States of America,Male,Incidence,2013,41913.66975686686,41913.66975687205,36027.39728918745,48614.90151667534,-5.187757778912783e-09,-1.2377245440462087e-11,True,0.0001
United States of America,Male,Incidence,2014,42022.35415629618,42022.35415630107,36173.643465520014,48717.29310093956,-4.896719474345446e-09,-1.1652653861638076e-11,True,0.0001
United States of America,Male,Incidence,2015,42155.592601452205,42155.59260145701,36303.274070079,48846.30627485589,-4.802132025361061e-09,-1.1391447086892776e-11,True,0.0001
United States of America,Male,Incidence,2016,42292.71925238328,42292.71925238858,36431.67054217313,49026.94836200994,-5.3041731007397175e-09,-1.2541574990925067e-11,True,0.0001
United States of America,Male,Incidence,2017,42353.755760213084,42353.755760217806,36497.257540102495,49132.34230253033,-4.722096491605043e-09,-1.114918005935245e-11,True,0.0001
United States of America,Male,Incidence,2018,42350.357612145,42350.35761215046,36503.46413078178,49178.62250502338,-5.4569682106375694e-09,-1.2885294288688479e-11,True,0.0001
United States of America,Male,Incidence,2019,42336.086637389344,42336.08663739357,36491.45033772258,49202.56679873951,-4.2273313738405704e-09,-9.985172720491265e-12,True,0.0001
United States of America,Male,Incidence,2020,42302.511889071655,42302.51188907696,36424.13624350901,49177.85294488952,-5.3041731007397175e-09,-1.2538671733366552e-11,True,0.0001
United States of America,Male,Incidence,2021,42351.49413318217,42351.49413318962,36555.92396445376,49248.46390313506,-7.450580596923828e-09,-1.7592249693700952e-11,True,0.0001
United States of America,Male,Incidence,2022,42569.207097605926,42569.20709761086,36822.04589458284,49542.30129139328,-4.933099262416363e-09,-1.1588421769531213e-11,True,0.0001
United States of America,Male,Incidence,2023,42426.252726558676,42426.252726563966,36456.4740053096,49242.15928338784,-5.289621185511351e-09,-1.2467801998924615e-11,True,0.0001
United States of America,Male,Prevalence,1990,608106.0929780887,608106.0929780935,507601.901577999,721030.0233944319,-4.889443516731262e-09,-8.040444871693466e-13,True,0.0001
United States of America,Male,Prevalence,1991,616165.5409511434,616165.5409511497,514184.0400024605,730785.4209887467,-6.28642737865448e-09,-1.0202497479736336e-12,True,0.0001
United States of America,Male,Prevalence,1992,623546.8672243307,623546.8672243357,520127.8529665639,740091.1396347946,-5.005858838558197e-09,-8.028039433252772e-13,True,0.0001
United States of America,Male,Prevalence,1993,630426.4857221792,630426.485722185,525560.4422463055,748683.1636021662,-5.820766091346741e-09,-9.23306082973142e-13,True,0.0001
United States of America,Male,Prevalence,1994,637467.211547629,637467.211547633,531047.8856551502,757482.8016820423,-4.0745362639427185e-09,-6.391758180080545e-13,True,0.0001
United States of America,Male,Prevalence,1995,644787.3986891509,644787.3986891558,536877.4843659976,766545.1690806726,-4.889443516731262e-09,-7.583032060910985e-13,True,0.0001
United States of America,Male,Prevalence,1996,652062.7253982318,652062.7253982365,543810.749351722,774017.7547586577,-4.773028194904327e-09,-7.319891183764997e-13,True,0.0001
United States of America,Male,Prevalence,1997,658869.9943812689,658869.9943812753,550288.2139254181,780790.5037642501,-6.402842700481415e-09,-9.717915150308414e-13,True,0.0001
United States of America,Male,Prevalence,1998,665359.7915908052,665359.7915908104,556550.6712944438,787203.7671557753,-5.238689482212067e-09,-7.873468683292194e-13,True,0.0001
United States of America,Male,Prevalence,1999,671997.7981648402,671997.7981648443,562833.7338698287,794737.7053578775,-4.0745362639427185e-09,-6.063317878525571e-13,True,0.0001
United States of America,Male,Prevalence,2000,678749.5609300995,678749.5609301049,569255.8010435816,802599.8199110964,-5.471520125865936e-09,-8.061176670771169e-13,True,0.0001
United States of America,Male,Prevalence,2001,687418.5251033972,687418.5251034026,577183.5227895875,813259.527868492,-5.3551048040390015e-09,-7.790166555714334e-13,True,0.0001
United States of America,Male,Prevalence,2002,695499.2673981109,695499.267398115,584851.1423602138,822677.7116062625,-4.0745362639427185e-09,-5.858433581369092e-13,True,0.0001
United States of America,Male,Prevalence,2003,702668.383079001,702668.3830790081,591820.5079892607,830751.9875269781,-7.101334631443024e-09,-1.0106239020355281e-12,True,0.0001
United States of America,Male,Prevalence,2004,710307.80840562,710307.8084056256,599009.6124256649,839432.8803974657,-5.587935447692871e-09,-7.866921046856697e-13,True,0.0001
United States of America,Male,Prevalence,2005,717679.1013969437,717679.1013969494,605997.5698853915,847916.1320230843,-5.704350769519806e-09,-7.948330609622588e-13,True,0.0001
United States of America,Male,Prevalence,2006,725175.5157096683,725175.515709673,612463.7218695257,855027.2934023,-4.773028194904327e-09,-6.581893750554078e-13,True,0.0001
United States of America,Male,Prevalence,2007,731919.5110974764,731919.5110974826,618205.350551598,862588.3440222169,-6.28642737865448e-09,-8.588959965322205e-13,True,0.0001
United States of America,Male,Prevalence,2008,738400.3314837799,738400.3314837854,623664.9450960561,870249.4364353984,-5.471520125865936e-09,-7.40996434125529e-13,True,0.0001
United States of America,Male,Prevalence,2009,744629.39342854,744629.3934285472,628878.8116957329,878209.1676278082,-7.2177499532699585e-09,-9.693076874170635e-13,True,0.0001
United States of America,Male,Prevalence,2010,750566.0921671294,750566.0921671374,633802.0063763971,884991.2595077264,-8.032657206058502e-09,-1.0702131750803599e-12,True,0.0001
United States of America,Male,Prevalence,2011,755764.8913321082,755764.8913321154,638223.265286067,890208.1570806849,-7.2177499532699585e-09,-9.550258335694732e-13,True,0.0001
United States of America,Male,Prevalence,2012,759422.9662049437,759422.9662049506,641208.4065217477,892202.3210447123,-6.868503987789154e-09,-9.044372231870987e-13,True,0.0001
United States of America,Male,Prevalence,2013,762376.4835133521,762376.4835133587,643457.5254382703,893228.8966017026,-6.6356733441352844e-09,-8.703932358400206e-13,True,0.0001
United States of America,Male,Prevalence,2014,766088.0077485262,766088.0077485328,645815.9173161124,896380.0600185293,-6.6356733441352844e-09,-8.661763762151768e-13,True,0.0001
United States of America,Male,Prevalence,2015,771002.6361685054,771002.6361685137,649189.6930291555,902058.146667842,-8.265487849712372e-09,-1.0720440452431645e-12,True,0.0001
United States of America,Male,Prevalence,2016,776418.2494423692,776418.2494423747,654128.7403949721,908411.1116590126,-5.471520125865936e-09,-7.047129726530249e-13,True,0.0001
United States of America,Male,Prevalence,2017,780465.3083501727,780465.3083501796,657847.0837943915,913117.3538788848,-6.868503987789154e-09,-8.800524397821652e-13,True,0.0001
United States of America,Male,Prevalence,2018,783601.1631483826,783601.1631483887,660717.5912714305,917011.6307699988,-6.170012056827545e-09,-7.873918961576559e-13,True,0.0001
United States of America,Male,Prevalence,2019,786819.4343740052,786819.434374014,663594.5241141289,920937.6700419708,-8.847564458847046e-09,-1.1244720290731104e-12,True,0.0001
United States of America,Male,Prevalence,2020,789742.4397672616,789742.4397672681,666212.183147643,924441.9386482936,-6.51925802230835e-09,-8.254916658942037e-13,True,0.0001
United States of America,Male,Prevalence,2021,796068.1919736994,796068.1919737069,671275.4064244757,933719.9787889872,-7.566995918750763e-09,-9.505461962988079e-13,True,0.0001
United States of America,Male,Prevalence,2022,803796.0457214807,803796.0457214885,677745.2479729508,944435.8800670936,-7.799826562404633e-09,-9.703738409665223e-13,True,0.0001
United States of America,Male,Prevalence,2023,800474.6603648802,800474.660364888,674408.9775918858,934021.1488159228,-7.799826562404633e-09,-9.744001838670525e-13,True,0.0001
