location_name,sex_name,measure_name,segment_index,start_year,end_year,apc,apc_lower_model_ci,apc_upper_model_ci,formal_inference_performed,inference_note
China,Female,DALYs,1,1990,1998,0.1108717829913175,,,False,Descriptive analysis of annual GBD posterior means. No hypothesis test or confidence interval is reported because posterior draws and cross-year/cross-stratum correlations are unavailable.
China,Female,DALYs,2,1998,2023,0.02764222233437863,,,False,Descriptive analysis of annual GBD posterior means. No hypothesis test or confidence interval is reported because posterior draws and cross-year/cross-stratum correlations are unavailable.
China,Female,Incidence,1,1990,2004,0.05654788165843083,,,False,Descriptive analysis of annual GBD posterior means. No hypothesis test or confidence interval is reported because posterior draws and cross-year/cross-stratum correlations are unavailable.
China,Female,Incidence,2,2004,2015,-0.0572147969394865,,,False,Descriptive analysis of annual GBD posterior means. No hypothesis test or confidence interval is reported because posterior draws and cross-year/cross-stratum correlations are unavailable.
China,Female,Incidence,3,2015,2023,0.03129107795281083,,,False,Descriptive analysis of annual GBD posterior means. No hypothesis test or confidence interval is reported because posterior draws and cross-year/cross-stratum correlations are unavailable.
China,Female,Prevalence,1,1990,2019,0.03097672901974935,,,False,Descriptive analysis of annual GBD posterior means. No hypothesis test or confidence interval is reported because posterior draws and cross-year/cross-stratum correlations are unavailable.
China,Female,Prevalence,2,2019,2023,-0.030494866539998444,,,False,Descriptive analysis of annual GBD posterior means. No hypothesis test or confidence interval is reported because posterior draws and cross-year/cross-stratum correlations are unavailable.
China,Male,DALYs,1,1990,1995,0.179582823018265,,,False,Descriptive analysis of annual GBD posterior means. No hypothesis test or confidence interval is reported because posterior draws and cross-year/cross-stratum correlations are unavailable.
China,Male,DALYs,2,1995,1999,-0.06775287445166533,,,False,Descriptive analysis of annual GBD posterior means. No hypothesis test or confidence interval is reported because posterior draws and cross-year/cross-stratum correlations are unavailable.
China,Male,DALYs,3,1999,2023,0.023872398853286292,,,False,Descriptive analysis of annual GBD posterior means. No hypothesis test or confidence interval is reported because posterior draws and cross-year/cross-stratum correlations are unavailable.
China,Male,Incidence,1,1990,2006,0.029439333001124446,,,False,Descriptive analysis of annual GBD posterior means. No hypothesis test or confidence interval is reported because posterior draws and cross-year/cross-stratum correlations are unavailable.
China,Male,Incidence,2,2006,2023,-0.030483816359050397,,,False,Descriptive analysis of annual GBD posterior means. No hypothesis test or confidence interval is reported because posterior draws and cross-year/cross-stratum correlations are unavailable.
China,Male,Prevalence,1,1990,2003,0.016433420049888348,,,False,Descriptive analysis of annual GBD posterior means. No hypothesis test or confidence interval is reported because posterior draws and cross-year/cross-stratum correlations are unavailable.
China,Male,Prevalence,2,2003,2017,0.04712195909344352,,,False,Descriptive analysis of annual GBD posterior means. No hypothesis test or confidence interval is reported because posterior draws and cross-year/cross-stratum correlations are unavailable.
China,Male,Prevalence,3,2017,2023,-0.06222541588202235,,,False,Descriptive analysis of annual GBD posterior means. No hypothesis test or confidence interval is reported because posterior draws and cross-year/cross-stratum correlations are unavailable.
United States of America,Female,DALYs,1,1990,2010,0.01176173952370796,,,False,Descriptive analysis of annual GBD posterior means. No hypothesis test or confidence interval is reported because posterior draws and cross-year/cross-stratum correlations are unavailable.
United States of America,Female,DALYs,2,2010,2015,-1.3435994389443207,,,False,Descriptive analysis of annual GBD posterior means. No hypothesis test or confidence interval is reported because posterior draws and cross-year/cross-stratum correlations are unavailable.
United States of America,Female,DALYs,3,2015,2023,-0.2125488690981281,,,False,Descriptive analysis of annual GBD posterior means. No hypothesis test or confidence interval is reported because posterior draws and cross-year/cross-stratum correlations are unavailable.
United States of America,Female,Incidence,1,1990,2010,-0.03612437852293926,,,False,Descriptive analysis of annual GBD posterior means. No hypothesis test or confidence interval is reported because posterior draws and cross-year/cross-stratum correlations are unavailable.
United States of America,Female,Incidence,2,2010,2015,-1.109026171233618,,,False,Descriptive analysis of annual GBD posterior means. No hypothesis test or confidence interval is reported because posterior draws and cross-year/cross-stratum correlations are unavailable.
United States of America,Female,Incidence,3,2015,2023,-0.07837788551015024,,,False,Descriptive analysis of annual GBD posterior means. No hypothesis test or confidence interval is reported because posterior draws and cross-year/cross-stratum correlations are unavailable.
United States of America,Female,Prevalence,1,1990,2010,-0.025816784796939274,,,False,Descriptive analysis of annual GBD posterior means. No hypothesis test or confidence interval is reported because posterior draws and cross-year/cross-stratum correlations are unavailable.
United States of America,Female,Prevalence,2,2010,2015,-1.2971466691339972,,,False,Descriptive analysis of annual GBD posterior means. No hypothesis test or confidence interval is reported because posterior draws and cross-year/cross-stratum correlations are unavailable.
United States of America,Female,Prevalence,3,2015,2023,-0.06970081095885039,,,False,Descriptive analysis of annual GBD posterior means. No hypothesis test or confidence interval is reported because posterior draws and cross-year/cross-stratum correlations are unavailable.
United States of America,Male,DALYs,1,1990,2009,0.02633003873739881,,,False,Descriptive analysis of annual GBD posterior means. No hypothesis test or confidence interval is reported because posterior draws and cross-year/cross-stratum correlations are unavailable.
United States of America,Male,DALYs,2,2009,2017,-0.43286279716271414,,,False,Descriptive analysis of annual GBD posterior means. No hypothesis test or confidence interval is reported because posterior draws and cross-year/cross-stratum correlations are unavailable.
United States of America,Male,DALYs,3,2017,2023,-0.10521972262764745,,,False,Descriptive analysis of annual GBD posterior means. No hypothesis test or confidence interval is reported because posterior draws and cross-year/cross-stratum correlations are unavailable.
United States of America,Male,Incidence,1,1990,2010,0.011915824713271128,,,False,Descriptive analysis of annual GBD posterior means. No hypothesis test or confidence interval is reported because posterior draws and cross-year/cross-stratum correlations are unavailable.
United States of America,Male,Incidence,2,2010,2017,-0.34219531097773315,,,False,Descriptive analysis of annual GBD posterior means. No hypothesis test or confidence interval is reported because posterior draws and cross-year/cross-stratum correlations are unavailable.
United States of America,Male,Incidence,3,2017,2023,-0.05583237093801374,,,False,Descriptive analysis of annual GBD posterior means. No hypothesis test or confidence interval is reported because posterior draws and cross-year/cross-stratum correlations are unavailable.
United States of America,Male,Prevalence,1,1990,2009,0.014689243083343406,,,False,Descriptive analysis of annual GBD posterior means. No hypothesis test or confidence interval is reported because posterior draws and cross-year/cross-stratum correlations are unavailable.
United States of America,Male,Prevalence,2,2009,2018,-0.3688379957072496,,,False,Descriptive analysis of annual GBD posterior means. No hypothesis test or confidence interval is reported because posterior draws and cross-year/cross-stratum correlations are unavailable.
United States of America,Male,Prevalence,3,2018,2023,0.086130621418401,,,False,Descriptive analysis of annual GBD posterior means. No hypothesis test or confidence interval is reported because posterior draws and cross-year/cross-stratum correlations are unavailable.
